Workbook

Sheet snippets
A1: filename | B1: right_answer | C1: possible_wrong_answers | D1: number | E1: variant | F1: version | G1: Langhout AoC_category | H1: AoC_category
A2: 10-clean-v0.png | B2: 1 | C2: 0;2 | D2: 10 | E2: clean | F2: v0 | G2: pre increment decrement | H2: prepostindecrement
A3: 10-clean-v1.png | B3: -1 | C3: 0;5 | D3: 10 | E3: clean | F3: v1 | G3: pre increment decrement | H3: prepostindecrement
A4: 10-clean-v2.png | B4: 7 | C4: 6;4 | D4: 10 | E4: clean | F4: v2 | G4: pre increment decrement | H4: prepostindecrement
A5: 10-obf-v0.png | B5: 1 | C5: 0;2 | D5: 10 | E5: obf | F5: v0 | G5: pre increment decrement | H5: prepostindecrement
A6: 10-obf-v1.png | B6: -1 | C6: 0;5 | D6: 10 | E6: obf | F6: v1 | G6: pre increment decrement | H6: prepostindecrement
A7: 10-obf-v2.png | B7: 7 | C7: 6;4 | D7: 10 | E7: obf | F7: v2 | G7: pre increment decrement | H7: prepostindecrement
A8: 11-clean-v0.png | B8: true | C8: false | D8: 11 | E8: clean | F8: v0 | G8: pre increment decrement | H8: prepostindecrement
A9: 11-clean-v1.png | B9: false | C9: true | D9: 11 | E9: clean | F9: v1 | G9: pre increment decrement | H9: prepostindecrement
A10: 11-clean-v2.png | B10: false | C10: true | D10: 11 | E10: clean | F10: v2 | G10: pre increment decrement | H10: prepostindecrement
A11: 11-obf-v0.png | B11: true | C11: false | D11: 11 | E11: obf | F11: v0 | G11: pre increment decrement | H11: prepostindecrement
A12: 11-obf-v1.png | B12: false | C12: true | D12: 11 | E12: obf | F12: v1 | G12: pre increment decrement | H12: prepostindecrement
A13: 11-obf-v2.png | B13: false | C13: true | D13: 11 | E13: obf | F13: v2 | G13: pre increment decrement | H13: prepostindecrement
A14: 12-clean-v0.png | B14: 7 | C14: 6;5 | D14: 12 | E14: clean | F14: v0 | G14: pre increment decrement | H14: prepostindecrement
A15: 12-clean-v1.png | B15: 0 | C15: 1;-1 | D15: 12 | E15: clean | F15: v1 | G15: pre increment decrement | H15: prepostindecrement
A16: 12-clean-v2.png | B16: 4 | C16: 3;2 | D16: 12 | E16: clean | F16: v2 | G16: pre increment decrement | H16: prepostindecrement
A17: 12-obf-v0.png | B17: 7 | C17: 6;5 | D17: 12 | E17: obf | F17: v0 | G17: pre increment decrement | H17: prepostindecrement
A18: 12-obf-v1.png | B18: 0 | C18: 1;-1 | D18: 12 | E18: obf | F18: v1 | G18: pre increment decrement | H18: prepostindecrement
A19: 12-obf-v2.png | B19: 4 | C19: 3;2 | D19: 12 | E19: obf | F19: v2 | G19: pre increment decrement | H19: prepostindecrement
A20: 13-clean-v0.png | B20: 5 | C20: 6;3 | D20: 13 | E20: clean | F20: v0 | G20: constant variables | H20: confusingvariables
A21: 13-clean-v1.png | B21: 11 | C21: 4;7 | D21: 13 | E21: clean | F21: v1 | G21: constant variables | H21: confusingvariables
A22: 13-clean-v2.png | B22: 5 | C22: 6;8 | D22: 13 | E22: clean | F22: v2 | G22: constant variables | H22: confusingvariables
A23: 13-obf-v0.png | B23: 5 | C23: 6;3 | D23: 13 | E23: obf | F23: v0 | G23: constant variables | H23: confusingvariables
A24: 13-obf-v1.png | B24: 11 | C24: 4;7 | D24: 13 | E24: obf | F24: v1 | G24: constant variables | H24: confusingvariables
A25: 13-obf-v2.png | B25: 5 | C25: 6;8 | D25: 13 | E25: obf | F25: v2 | G25: constant variables | H25: confusingvariables
... A31: 14-obf-v2.png | B31: 27 | C31: 30;9 | D31: 14 | E31: obf | F31: v2 | G31: constant variables | H31: confusingvariables
A32: 15-clean-v0.png | B32: 9.0 | C32: 8.0;4.5 | D32: 15 | E32: clean | F32: v0 | G32: constant variables | H32: confusingvariables
A33: 15-clean-v1.png | B33: 13.0 | C33: 12.0;14.0 | D33: 15 | E33: clean | F33: v1 | G33: constant variables | H33: confusingvariables
A34: 15-clean-v2.png | B34: 62.0 | C34: 312.0;63.0 | D34: 15 | E34: clean | F34: v2 | G34: constant variables | H34: confusingvariables
A35: 15-obf-v0.png | B35: 9.0 | C35: 8.0;4.5 | D35: 15 | E35: obf | F35: v0 | G35: constant variables | H35: confusingvariables
A36: 15-obf-v1.png | B36: 13.0 | C36: 12.0;14.0 | D36: 15 | E36: obf | F36: v1 | G36: constant variables | H36: confusingvariables
A37: 15-obf-v2.png | B37: 62.0 | C37: 312.0;63.0 | D37: 15 | E37: obf | F37: v2 | G37: constant variables | H37: confusingvariables
A38: 16-clean-v0.png | B38: 7 | C38: 5;3 | D38: 16 | E38: clean | F38: v0 | G38: remove indentation atom | H38: scopeindentation
A39: 16-clean-v1.png | B39: 5 | C39: 4;6 | D39: 16 | E39: clean | F39: v1 | G39: remove indentation atom | H39: scopeindentation
A40: 16-clean-v2.png | B40: 6 | C40: 4;13 | D40: 16 | E40: clean | F40: v2 | G40: remove indentation atom | H40: scopeindentation
A41: 16-obf-v0.png | B41: 7 | C41: 5;3 | D41: 16 | E41: obf | F41: v0 | G41: remove indentation atom | H41: scopeindentation
A42: 16-obf-v1.png | B42: 5 | C42: 4;6 | D42: 16 | E42: obf | F42: v1 | G42: remove indentation atom | H42: scopeindentation
A43: 16-obf-v2.png | B43: 6 | C43: 4;13 | D43: 16 | E43: obf | F43: v2 | G43: remove indentation atom | H43: scopeindentation
A44: 17-clean-v0.png | B44: 6 | C44: 10;5 | D44: 17 | E44: clean | F44: v0 | G44: remove indentation atom | H44: scopeindentation
A45: 17-clean-v1.png | B45: 1 | C45: 3;4 | D45: 17 | E45: clean | F45: v1 | G45: remove indentation atom | H45: scopeindentation
A46: 17-clean-v2.png | B46: 9 | C46: 8;1 | D46: 17 | E46: clean | F46: v2 | G46: remove indentation atom | H46: scopeindentation
A47: 17-obf-v0.png | B47: 6 | C47: 10;5 | D47: 17 | E47: obf | F47: v0 | G47: remove indentation atom | H47: scopeindentation
A48: 17-obf-v1.png | B48: 1 | C48: 3;4 | D48: 17 | E48: obf | F48: v1 | G48: remove indentation atom | H48: scopeindentation
A49: 17-obf-v2.png | B49: 9 | C49: 8;1 | D49: 17 | E49: obf | F49: v2 | G49: remove indentation atom | H49: scopeindentation
... A55: 18-obf-v2.png | B55: 6 | C55: 4;5 | D55: 18 | E55: obf | F55: v2 | G55: remove indentation atom | H55: scopeindentation
A56: 30-clean-v0.png | B56: true | C56: false | D56: 30 | E56: clean | F56: v0 | G56: arithmetic_as_logic | H56: confusingboolwitharith
A57: 30-clean-v1.png | B57: true | C57: false | D57: 30 | E57: clean | F57: v1 | G57: arithmetic_as_logic | H57: confusingboolwitharith
A58: 30-clean-v2.png | B58: false | C58: true | D58: 30 | E58: clean | F58: v2 | G58: arithmetic_as_logic | H58: confusingboolwitharith
A59: 30-obf-v0.png | B59: true | C59: false | D59: 30 | E59: obf | F59: v0 | G59: arithmetic_as_logic | H59: confusingboolwitharith
A60: 30-obf-v1.png | B60: true | C60: false | D60: 30 | E60: obf | F60: v1 | G60: arithmetic_as_logic | H60: confusingboolwitharith
A61: 30-obf-v2.png | B61: false | C61: true | D61: 30 | E61: obf | F61: v2 | G61: arithmetic_as_logic | H61: confusingboolwitharith
A62: 49-clean-v0.png | B62: 2 | C62: 1;3 | D62: 49 | E62: clean | F62: v0 | G62: dead_unreachable_repeated | H62: confusingvariables
A63: 49-clean-v1.png | B63: 22 | C63: 10;40 | D63: 49 | E63: clean | F63: v1 | G63: dead_unreachable_repeated | H63: confusingvariables
A64: 49-clean-v2.png | B64: 42 | C64: 21;80 | D64: 49 | E64: clean | F64: v2 | G64: dead_unreachable_repeated | H64: confusingvariables
A65: 49-obf-v0.png | B65: 2 | C65: 1;3 | D65: 49 | E65: obf | F65: v0 | G65: dead_unreachable_repeated | H65: confusingvariables
A66: 49-obf-v1.png | B66: 22 | C66: 10;40 | D66: 49 | E66: obf | F66: v1 | G66: dead_unreachable_repeated | H66: confusingvariables
A67: 49-obf-v2.png | B67: 42 | C67: 21;80 | D67: 49 | E67: obf | F67: v2 | G67: dead_unreachable_repeated | H67: confusingvariables
A68: 4-clean-v0.png | B68: 0 | C68: -1;-2 | D68: 4 | E68: clean | F68: v0 | G68: infix operator precedence | H68: confusingboolwitharith
A69: 4-clean-v1.png | B69: 6 | C69: 4;3 | D69: 4 | E69: clean | F69: v1 | G69: infix operator precedence | H69: confusingboolwitharith
A70: 4-clean-v2.png | B70: 7 | C70: 16;8 | D70: 4 | E70: clean | F70: v2 | G70: infix operator precedence | H70: confusingboolwitharith
A71: 4-obf-v0.png | B71: 0 | C71: -1;-2 | D71: 4 | E71: obf | F71: v0 | G71: infix operator precedence | H71: confusingboolwitharith
A72: 4-obf-v1.png | B72: 6 | C72: 4;3 | D72: 4 | E72: obf | F72: v1 | G72: infix operator precedence | H72: confusingboolwitharith
A73: 4-obf-v2.png | B73: 7 | C73: 16;8 | D73: 4 | E73: obf | F73: v2 | G73: infix operator precedence | H73: confusingboolwitharith
... A85: 57-obf-v2.png | B85: 21 | C85: 20;22 | D85: 57 | E85: obf | F85: v2 | G85: omitted_curly_braces | H85: scopeindentation
A86: 5-clean-v0.png | B86: true | C86: false | D86: 5 | E86: clean | F86: v0 | G86: infix operator precedence | H86: confusingboolwitharith
A87: 5-clean-v1.png | B87: true | C87: false | D87: 5 | E87: clean | F87: v1 | G87: infix operator precedence | H87: confusingboolwitharith
A88: 5-clean-v2.png | B88: false | C88: true | D88: 5 | E88: clean | F88: v2 | G88: infix operator precedence | H88: confusingboolwitharith
A89: 5-obf-v0.png | B89: true | C89: false | D89: 5 | E89: obf | F89: v0 | G89: infix operator precedence | H89: confusingboolwitharith
A90: 5-obf-v1.png | B90: true | C90: false | D90: 5 | E90: obf | F90: v1 | G90: infix operator precedence | H90: confusingboolwitharith
A91: 5-obf-v2.png | B91: false | C91: true | D91: 5 | E91: obf | F91: v2 | G91: infix operator precedence | H91: confusingboolwitharith
A92: 60-clean-v0.png | B92: 32 | C92: 256;288 | D92: 60 | E92: clean | F92: v0 | G92: type_conversion | H92: implementationdetails
A93: 60-clean-v1.png | B93: 0 | C93: 2;512 | D93: 60 | E93: clean | F93: v1 | G93: type_conversion | H93: implementationdetails
A94: 60-clean-v2.png | B94: 40 | C94: 255;296 | D94: 60 | E94: clean | F94: v2 | G94: type_conversion | H94: implementationdetails
A95: 60-obf-v0.png | B95: 32 | C95: 256;288 | D95: 60 | E95: obf | F95: v0 | G95: type_conversion | H95: implementationdetails
A96: 60-obf-v1.png | B96: 0 | C96: 2;512 | D96: 60 | E96: obf | F96: v1 | G96: type_conversion | H96: implementationdetails
A97: 60-obf-v2.png | B97: 40 | C97: 255;296 | D97: 60 | E97: obf | F97: v2 | G97: type_conversion | H97: implementationdetails
A98: 61-clean-v0.png | B98: 4 | C98: 2;0 | D98: 61 | E98: clean | F98: v0 | G98: indentation | H98: scopeindentation
A99: 61-clean-v1.png | B99: 256 | C99: 128;42 | D99: 61 | E99: clean | F99: v1 | G99: indentation | H99: scopeindentation
A100: 61-clean-v2.png | B100: 66 | C100: 6;60 | D100: 61 | E100: clean | F100: v2 | G100: indentation | H100: scopeindentation
A101: 61-obf-v0.png | B101: 4 | C101: 2;0 | D101: 61 | E101: obf | F101: v0 | G101: indentation | H101: scopeindentation
A102: 61-obf-v1.png | B102: 256 | C102: 128;42 | D102: 61 | E102: obf | F102: v1 | G102: indentation | H102: scopeindentation
A103: 61-obf-v2.png | B103: 66 | C103: 6;60 | D103: 61 | E103: obf | F103: v2 | G103: indentation | H103: scopeindentation
... A115: 63-obf-v2.png | B115: 80 | C115: 50;40 | D115: 63 | E115: obf | F115: v2 | G115: indentation | H115: scopeindentation
A116: 6-clean-v0.png | B116: true | C116: false | D116: 6 | E116: clean | F116: v0 | G116: infix operator precedence | H116: confusingboolwitharith
A117: 6-clean-v1.png | B117: true | C117: false | D117: 6 | E117: clean | F117: v1 | G117: infix operator precedence | H117: confusingboolwitharith
A118: 6-clean-v2.png | B118: true | C118: false | D118: 6 | E118: clean | F118: v2 | G118: infix operator precedence | H118: confusingboolwitharith
A119: 6-obf-v0.png | B119: true | C119: false | D119: 6 | E119: obf | F119: v0 | G119: infix operator precedence | H119: confusingboolwitharith
A120: 6-obf-v1.png | B120: true | C120: false | D120: 6 | E120: obf | F120: v1 | G120: infix operator precedence | H120: confusingboolwitharith
A121: 6-obf-v2.png | B121: true | C121: false | D121: 6 | E121: obf | F121: v2 | G121: infix operator precedence | H121: confusingboolwitharith
A122: 7-clean-v0.png | B122: 5 | C122: 6;7 | D122: 7 | E122: clean | F122: v0 | G122: post increment decrement | H122: prepostindecrement
A123: 7-clean-v1.png | B123: 7 | C123: 8;9 | D123: 7 | E123: clean | F123: v1 | G123: post increment decrement | H123: prepostindecrement
A124: 7-clean-v2.png | B124: 8 | C124: 9;17 | D124: 7 | E124: clean | F124: v2 | G124: post increment decrement | H124: prepostindecrement
A125: 7-obf-v0.png | B125: 5 | C125: 6;7 | D125: 7 | E125: obf | F125: v0 | G125: post increment decrement | H125: prepostindecrement
A126: 7-obf-v1.png | B126: 7 | C126: 8;9 | D126: 7 | E126: obf | F126: v1 | G126: post increment decrement | H126: prepostindecrement
A127: 7-obf-v2.png | B127: 8 | C127: 9;17 | D127: 7 | E127: obf | F127: v2 | G127: post increment decrement | H127: prepostindecrement
A128: 8-clean-v0.png | B128: true | C128: false | D128: 8 | E128: clean | F128: v0 | G128: post increment decrement | H128: prepostindecrement
A129: 8-clean-v1.png | B129: false | C129: true | D129: 8 | E129: clean | F129: v1 | G129: post increment decrement | H129: prepostindecrement
A130: 8-clean-v2.png | B130: false | C130: true | D130: 8 | E130: clean | F130: v2 | G130: post increment decrement | H130: prepostindecrement
A131: 8-obf-v0.png | B131: true | C131: false | D131: 8 | E131: obf | F131: v0 | G131: post increment decrement | H131: prepostindecrement
A132: 8-obf-v1.png | B132: false | C132: true | D132: 8 | E132: obf | F132: v1 | G132: post increment decrement | H132: prepostindecrement
...

Sheet Result_check
A1: snippet name | B1: result | C1: snippets result from other sheet
A2: -clean-v0 | B2: true | C2: =_xlfn.XLOOKUP(A2&".png",Tabelle1[filename],Tabelle1[right_answer],"",0,1) -> true | D2: =B2=C2 -> TRUE
A3: -obf-v0 | B3: true | C3: =_xlfn.XLOOKUP(A3&".png",Tabelle1[filename],Tabelle1[right_answer],"",0,1) -> true | D3: =B3=C3 -> TRUE
A4: 10-clean-v0 | B4: 1 | C4: =_xlfn.XLOOKUP(A4&".png",Tabelle1[filename],Tabelle1[right_answer],"",0,1) -> 1 | D4: =B4=C4 -> TRUE
A5: 10-obf-v0 | B5: 1 | C5: =_xlfn.XLOOKUP(A5&".png",Tabelle1[filename],Tabelle1[right_answer],"",0,1) -> 1 | D5: =B5=C5 -> TRUE
A6: 11-clean-v0 | B6: true | C6: =_xlfn.XLOOKUP(A6&".png",Tabelle1[filename],Tabelle1[right_answer],"",0,1) -> true | D6: =B6=C6 -> TRUE
A7: 11-obf-v0 | B7: true | C7: =_xlfn.XLOOKUP(A7&".png",Tabelle1[filename],Tabelle1[right_answer],"",0,1) -> true | D7: =B7=C7 -> TRUE
A8: 12-clean-v0 | B8: 7 | C8: =_xlfn.XLOOKUP(A8&".png",Tabelle1[filename],Tabelle1[right_answer],"",0,1) -> 7 | D8: =B8=C8 -> TRUE
A9: 12-obf-v0 | B9: 7 | C9: =_xlfn.XLOOKUP(A9&".png",Tabelle1[filename],Tabelle1[right_answer],"",0,1) -> 7 | D9: =B9=C9 -> TRUE
A10: 13-clean-v0 | B10: 5 | C10: =_xlfn.XLOOKUP(A10&".png",Tabelle1[filename],Tabelle1[right_answer],"",0,1) -> 5 | D10: =B10=C10 -> TRUE
A11: 13-obf-v0 | B11: 5 | C11: =_xlfn.XLOOKUP(A11&".png",Tabelle1[filename],Tabelle1[right_answer],"",0,1) -> 5 | D11: =B11=C11 -> TRUE
A12: 14-clean-v0 | B12: 4 | C12: =_xlfn.XLOOKUP(A12&".png",Tabelle1[filename],Tabelle1[right_answer],"",0,1) -> 4 | D12: =B12=C12 -> TRUE
A13: 14-obf-v0 | B13: 4 | C13: =_xlfn.XLOOKUP(A13&".png",Tabelle1[filename],Tabelle1[right_answer],"",0,1) -> 4 | D13: =B13=C13 -> TRUE
A14: 15-clean-v0 | B14: 9.0 | C14: =_xlfn.XLOOKUP(A14&".png",Tabelle1[filename],Tabelle1[right_answer],"",0,1) -> 9.0 | D14: =B14=C14 -> TRUE
A15: 15-obf-v0 | B15: 9.0 | C15: =_xlfn.XLOOKUP(A15&".png",Tabelle1[filename],Tabelle1[right_answer],"",0,1) -> 9.0 | D15: =B15=C15 -> TRUE
A16: 16-clean-v0 | B16: 7 | C16: =_xlfn.XLOOKUP(A16&".png",Tabelle1[filename],Tabelle1[right_answer],"",0,1) -> 7 | D16: =B16=C16 -> TRUE
A17: 16-obf-v0 | B17: 7 | C17: =_xlfn.XLOOKUP(A17&".png",Tabelle1[filename],Tabelle1[right_answer],"",0,1) -> 7 | D17: =B17=C17 -> TRUE
A18: 17-clean-v0 | B18: 6 | C18: =_xlfn.XLOOKUP(A18&".png",Tabelle1[filename],Tabelle1[right_answer],"",0,1) -> 6 | D18: =B18=C18 -> TRUE
A19: 17-obf-v0 | B19: 6 | C19: =_xlfn.XLOOKUP(A19&".png",Tabelle1[filename],Tabelle1[right_answer],"",0,1) -> 6 | D19: =B19=C19 -> TRUE
A20: 18-clean-v0 | B20: 2 | C20: =_xlfn.XLOOKUP(A20&".png",Tabelle1[filename],Tabelle1[right_answer],"",0,1) -> 2 | D20: =B20=C20 -> TRUE
A21: 18-obf-v0 | B21: 2 | C21: =_xlfn.XLOOKUP(A21&".png",Tabelle1[filename],Tabelle1[right_answer],"",0,1) -> 2 | D21: =B21=C21 -> TRUE
A22: 30-clean-v0 | B22: true | C22: =_xlfn.XLOOKUP(A22&".png",Tabelle1[filename],Tabelle1[right_answer],"",0,1) -> true | D22: =B22=C22 -> TRUE
A23: 30-obf-v0 | B23: true | C23: =_xlfn.XLOOKUP(A23&".png",Tabelle1[filename],Tabelle1[right_answer],"",0,1) -> true | D23: =B23=C23 -> TRUE
A24: 4-clean-v0 | B24: 0 | C24: =_xlfn.XLOOKUP(A24&".png",Tabelle1[filename],Tabelle1[right_answer],"",0,1) -> 0 | D24: =B24=C24 -> TRUE
A25: 4-obf-v0 | B25: 0 | C25: =_xlfn.XLOOKUP(A25&".png",Tabelle1[filename],Tabelle1[right_answer],"",0,1) -> 0 | D25: =B25=C25 -> TRUE
A26: 49-clean-v0 | B26: 2 | C26: =_xlfn.XLOOKUP(A26&".png",Tabelle1[filename],Tabelle1[right_answer],"",0,1) -> 2 | D26: =B26=C26 -> TRUE
A27: 49-obf-v0 | B27: 2 | C27: =_xlfn.XLOOKUP(A27&".png",Tabelle1[filename],Tabelle1[right_answer],"",0,1) -> 2 | D27: =B27=C27 -> TRUE
A28: 5-clean-v0 | B28: true | C28: =_xlfn.XLOOKUP(A28&".png",Tabelle1[filename],Tabelle1[right_answer],"",0,1) -> true | D28: =B28=C28 -> TRUE
A29: 5-obf-v0 | B29: true | C29: =_xlfn.XLOOKUP(A29&".png",Tabelle1[filename],Tabelle1[right_answer],"",0,1) -> true | D29: =B29=C29 -> TRUE
A30: 54-clean-v0 | B30: 0 | C30: =_xlfn.XLOOKUP(A30&".png",Tabelle1[filename],Tabelle1[right_answer],"",0,1) -> 0 | D30: =B30=C30 -> TRUE
A31: 54-obf-v0 | B31: 0 | C31: =_xlfn.XLOOKUP(A31&".png",Tabelle1[filename],Tabelle1[right_answer],"",0,1) -> 0 | D31: =B31=C31 -> TRUE
A32: 57-clean-v0 | B32: 8 | C32: =_xlfn.XLOOKUP(A32&".png",Tabelle1[filename],Tabelle1[right_answer],"",0,1) -> 8 | D32: =B32=C32 -> TRUE
A33: 57-obf-v0 | B33: 8 | C33: =_xlfn.XLOOKUP(A33&".png",Tabelle1[filename],Tabelle1[right_answer],"",0,1) -> 8 | D33: =B33=C33 -> TRUE
A34: 6-clean-v0 | B34: true | C34: =_xlfn.XLOOKUP(A34&".png",Tabelle1[filename],Tabelle1[right_answer],"",0,1) -> true | D34: =B34=C34 -> TRUE
A35: 6-obf-v0 | B35: true | C35: =_xlfn.XLOOKUP(A35&".png",Tabelle1[filename],Tabelle1[right_answer],"",0,1) -> true | D35: =B35=C35 -> TRUE
A36: 60-clean-v0 | B36: 32 | C36: =_xlfn.XLOOKUP(A36&".png",Tabelle1[filename],Tabelle1[right_answer],"",0,1) -> 32 | D36: =B36=C36 -> TRUE
A37: 60-obf-v0 | B37: 32 | C37: =_xlfn.XLOOKUP(A37&".png",Tabelle1[filename],Tabelle1[right_answer],"",0,1) -> 32 | D37: =B37=C37 -> TRUE
A38: 61-clean-v0 | B38: 4 | C38: =_xlfn.XLOOKUP(A38&".png",Tabelle1[filename],Tabelle1[right_answer],"",0,1) -> 4 | D38: =B38=C38 -> TRUE
A39: 61-obf-v0 | B39: 4 | C39: =_xlfn.XLOOKUP(A39&".png",Tabelle1[filename],Tabelle1[right_answer],"",0,1) -> 4 | D39: =B39=C39 -> TRUE
A40: 62-clean-v0 | B40: 3 | C40: =_xlfn.XLOOKUP(A40&".png",Tabelle1[filename],Tabelle1[right_answer],"",0,1) -> 3 | D40: =B40=C40 -> TRUE
A41: 62-obf-v0 | B41: 3 | C41: =_xlfn.XLOOKUP(A41&".png",Tabelle1[filename],Tabelle1[right_answer],"",0,1) -> 3 | D41: =B41=C41 -> TRUE
A42: 63-clean-v0 | B42: 9 | C42: =_xlfn.XLOOKUP(A42&".png",Tabelle1[filename],Tabelle1[right_answer],"",0,1) -> 9 | D42: =B42=C42 -> TRUE
A43: 63-obf-v0 | B43: 9 | C43: =_xlfn.XLOOKUP(A43&".png",Tabelle1[filename],Tabelle1[right_answer],"",0,1) -> 9 | D43: =B43=C43 -> TRUE
A44: 7-clean-v0 | B44: 5 | C44: =_xlfn.XLOOKUP(A44&".png",Tabelle1[filename],Tabelle1[right_answer],"",0,1) -> 5 | D44: =B44=C44 -> TRUE
A45: 7-obf-v0 | B45: 5 | C45: =_xlfn.XLOOKUP(A45&".png",Tabelle1[filename],Tabelle1[right_answer],"",0,1) -> 5 | D45: =B45=C45 -> TRUE
A46: 8-clean-v0 | B46: true | C46: =_xlfn.XLOOKUP(A46&".png",Tabelle1[filename],Tabelle1[right_answer],"",0,1) -> true | D46: =B46=C46 -> TRUE
A47: 8-obf-v0 | B47: true | C47: =_xlfn.XLOOKUP(A47&".png",Tabelle1[filename],Tabelle1[right_answer],"",0,1) -> true | D47: =B47=C47 -> TRUE
A48: 9-clean-v0 | B48: false | C48: =_xlfn.XLOOKUP(A48&".png",Tabelle1[filename],Tabelle1[right_answer],"",0,1) -> false | D48: =B48=C48 -> TRUE
A49: 9-obf-v0 | B49: false | C49: =_xlfn.XLOOKUP(A49&".png",Tabelle1[filename],Tabelle1[right_answer],"",0,1) -> false | D49: =B49=C49 -> TRUE
A50: -clean-v1 | B50: false | C50: =_xlfn.XLOOKUP(A50&".png",Tabelle1[filename],Tabelle1[right_answer],"",0,1) -> false | D50: =B50=C50 -> TRUE
A51: -obf-v1 | B51: false | C51: =_xlfn.XLOOKUP(A51&".png",Tabelle1[filename],Tabelle1[right_answer],"",0,1) -> false | D51: =B51=C51 -> TRUE
A52: 10-clean-v1 | B52: -1 | C52: =_xlfn.XLOOKUP(A52&".png",Tabelle1[filename],Tabelle1[right_answer],"",0,1) -> -1 | D52: =B52=C52 -> TRUE
A53: 10-obf-v1 | B53: -1 | C53: =_xlfn.XLOOKUP(A53&".png",Tabelle1[filename],Tabelle1[right_answer],"",0,1) -> -1 | D53: =B53=C53 -> TRUE
A54: 11-clean-v1 | B54: false | C54: =_xlfn.XLOOKUP(A54&".png",Tabelle1[filename],Tabelle1[right_answer],"",0,1) -> false | D54: =B54=C54 -> TRUE
A55: 11-obf-v1 | B55: false | C55: =_xlfn.XLOOKUP(A55&".png",Tabelle1[filename],Tabelle1[right_answer],"",0,1) -> false | D55: =B55=C55 -> TRUE
A56: 12-clean-v1 | B56: 0 | C56: =_xlfn.XLOOKUP(A56&".png",Tabelle1[filename],Tabelle1[right_answer],"",0,1) -> 0 | D56: =B56=C56 -> TRUE
A57: 12-obf-v1 | B57: 0 | C57: =_xlfn.XLOOKUP(A57&".png",Tabelle1[filename],Tabelle1[right_answer],"",0,1) -> 0 | D57: =B57=C57 -> TRUE
A58: 13-clean-v1 | B58: 11 | C58: =_xlfn.XLOOKUP(A58&".png",Tabelle1[filename],Tabelle1[right_answer],"",0,1) -> 11 | D58: =B58=C58 -> TRUE
A59: 13-obf-v1 | B59: 11 | C59: =_xlfn.XLOOKUP(A59&".png",Tabelle1[filename],Tabelle1[right_answer],"",0,1) -> 11 | D59: =B59=C59 -> TRUE
A60: 14-clean-v1 | B60: 12 | C60: =_xlfn.XLOOKUP(A60&".png",Tabelle1[filename],Tabelle1[right_answer],"",0,1) -> 12 | D60: =B60=C60 -> TRUE
A61: 14-obf-v1 | B61: 12 | C61: =_xlfn.XLOOKUP(A61&".png",Tabelle1[filename],Tabelle1[right_answer],"",0,1) -> 12 | D61: =B61=C61 -> TRUE
A62: 15-clean-v1 | B62: 13.0 | C62: =_xlfn.XLOOKUP(A62&".png",Tabelle1[filename],Tabelle1[right_answer],"",0,1) -> 13.0 | D62: =B62=C62 -> TRUE
A63: 15-obf-v1 | B63: 13.0 | C63: =_xlfn.XLOOKUP(A63&".png",Tabelle1[filename],Tabelle1[right_answer],"",0,1) -> 13.0 | D63: =B63=C63 -> TRUE
A64: 16-clean-v1 | B64: 5 | C64: =_xlfn.XLOOKUP(A64&".png",Tabelle1[filename],Tabelle1[right_answer],"",0,1) -> 5 | D64: =B64=C64 -> TRUE
A65: 16-obf-v1 | B65: 5 | C65: =_xlfn.XLOOKUP(A65&".png",Tabelle1[filename],Tabelle1[right_answer],"",0,1) -> 5 | D65: =B65=C65 -> TRUE
A66: 17-clean-v1 | B66: 1 | C66: =_xlfn.XLOOKUP(A66&".png",Tabelle1[filename],Tabelle1[right_answer],"",0,1) -> 1 | D66: =B66=C66 -> TRUE
A67: 17-obf-v1 | B67: 1 | C67: =_xlfn.XLOOKUP(A67&".png",Tabelle1[filename],Tabelle1[right_answer],"",0,1) -> 1 | D67: =B67=C67 -> TRUE
A68: 18-clean-v1 | B68: 2 | C68: =_xlfn.XLOOKUP(A68&".png",Tabelle1[filename],Tabelle1[right_answer],"",0,1) -> 2 | D68: =B68=C68 -> TRUE
A69: 18-obf-v1 | B69: 2 | C69: =_xlfn.XLOOKUP(A69&".png",Tabelle1[filename],Tabelle1[right_answer],"",0,1) -> 2 | D69: =B69=C69 -> TRUE
A70: 30-clean-v1 | B70: true | C70: =_xlfn.XLOOKUP(A70&".png",Tabelle1[filename],Tabelle1[right_answer],"",0,1) -> true | D70: =B70=C70 -> TRUE
A71: 30-obf-v1 | B71: true | C71: =_xlfn.XLOOKUP(A71&".png",Tabelle1[filename],Tabelle1[right_answer],"",0,1) -> true | D71: =B71=C71 -> TRUE
A72: 4-clean-v1 | B72: 6 | C72: =_xlfn.XLOOKUP(A72&".png",Tabelle1[filename],Tabelle1[right_answer],"",0,1) -> 6 | D72: =B72=C72 -> TRUE
A73: 4-obf-v1 | B73: 6 | C73: =_xlfn.XLOOKUP(A73&".png",Tabelle1[filename],Tabelle1[right_answer],"",0,1) -> 6 | D73: =B73=C73 -> TRUE
A74: 49-clean-v1 | B74: 22 | C74: =_xlfn.XLOOKUP(A74&".png",Tabelle1[filename],Tabelle1[right_answer],"",0,1) -> 22 | D74: =B74=C74 -> TRUE
A75: 49-obf-v1 | B75: 22 | C75: =_xlfn.XLOOKUP(A75&".png",Tabelle1[filename],Tabelle1[right_answer],"",0,1) -> 22 | D75: =B75=C75 -> TRUE
A76: 5-clean-v1 | B76: true | C76: =_xlfn.XLOOKUP(A76&".png",Tabelle1[filename],Tabelle1[right_answer],"",0,1) -> true | D76: =B76=C76 -> TRUE
A77: 5-obf-v1 | B77: true | C77: =_xlfn.XLOOKUP(A77&".png",Tabelle1[filename],Tabelle1[right_answer],"",0,1) -> true | D77: =B77=C77 -> TRUE
A78: 54-clean-v1 | B78: 9 | C78: =_xlfn.XLOOKUP(A78&".png",Tabelle1[filename],Tabelle1[right_answer],"",0,1) -> 9 | D78: =B78=C78 -> TRUE
A79: 54-obf-v1 | B79: 9 | C79: =_xlfn.XLOOKUP(A79&".png",Tabelle1[filename],Tabelle1[right_answer],"",0,1) -> 9 | D79: =B79=C79 -> TRUE
A80: 57-clean-v1 | B80: 10 | C80: =_xlfn.XLOOKUP(A80&".png",Tabelle1[filename],Tabelle1[right_answer],"",0,1) -> 10 | D80: =B80=C80 -> TRUE
A81: 57-obf-v1 | B81: 10 | C81: =_xlfn.XLOOKUP(A81&".png",Tabelle1[filename],Tabelle1[right_answer],"",0,1) -> 10 | D81: =B81=C81 -> TRUE
A82: 6-clean-v1 | B82: true | C82: =_xlfn.XLOOKUP(A82&".png",Tabelle1[filename],Tabelle1[right_answer],"",0,1) -> true | D82: =B82=C82 -> TRUE
A83: 6-obf-v1 | B83: true | C83: =_xlfn.XLOOKUP(A83&".png",Tabelle1[filename],Tabelle1[right_answer],"",0,1) -> true | D83: =B83=C83 -> TRUE
A84: 60-clean-v1 | B84: 0 | C84: =_xlfn.XLOOKUP(A84&".png",Tabelle1[filename],Tabelle1[right_answer],"",0,1) -> 0 | D84: =B84=C84 -> TRUE
A85: 60-obf-v1 | B85: 0 | C85: =_xlfn.XLOOKUP(A85&".png",Tabelle1[filename],Tabelle1[right_answer],"",0,1) -> 0 | D85: =B85=C85 -> TRUE
A86: 61-clean-v1 | B86: 256 | C86: =_xlfn.XLOOKUP(A86&".png",Tabelle1[filename],Tabelle1[right_answer],"",0,1) -> 256 | D86: =B86=C86 -> TRUE
A87: 61-obf-v1 | B87: 256 | C87: =_xlfn.XLOOKUP(A87&".png",Tabelle1[filename],Tabelle1[right_answer],"",0,1) -> 256 | D87: =B87=C87 -> TRUE
A88: 62-clean-v1 | B88: 60 | C88: =_xlfn.XLOOKUP(A88&".png",Tabelle1[filename],Tabelle1[right_answer],"",0,1) -> 60 | D88: =B88=C88 -> TRUE
A89: 62-obf-v1 | B89: 60 | C89: =_xlfn.XLOOKUP(A89&".png",Tabelle1[filename],Tabelle1[right_answer],"",0,1) -> 60 | D89: =B89=C89 -> TRUE
A90: 63-clean-v1 | B90: 5 | C90: =_xlfn.XLOOKUP(A90&".png",Tabelle1[filename],Tabelle1[right_answer],"",0,1) -> 5 | D90: =B90=C90 -> TRUE
A91: 63-obf-v1 | B91: 5 | C91: =_xlfn.XLOOKUP(A91&".png",Tabelle1[filename],Tabelle1[right_answer],"",0,1) -> 5 | D91: =B91=C91 -> TRUE
A92: 7-clean-v1 | B92: 7 | C92: =_xlfn.XLOOKUP(A92&".png",Tabelle1[filename],Tabelle1[right_answer],"",0,1) -> 7 | D92: =B92=C92 -> TRUE
A93: 7-obf-v1 | B93: 7 | C93: =_xlfn.XLOOKUP(A93&".png",Tabelle1[filename],Tabelle1[right_answer],"",0,1) -> 7 | D93: =B93=C93 -> TRUE
A94: 8-clean-v1 | B94: false | C94: =_xlfn.XLOOKUP(A94&".png",Tabelle1[filename],Tabelle1[right_answer],"",0,1) -> false | D94: =B94=C94 -> TRUE
A95: 8-obf-v1 | B95: false | C95: =_xlfn.XLOOKUP(A95&".png",Tabelle1[filename],Tabelle1[right_answer],"",0,1) -> false | D95: =B95=C95 -> TRUE
A96: 9-clean-v1 | B96: true | C96: =_xlfn.XLOOKUP(A96&".png",Tabelle1[filename],Tabelle1[right_answer],"",0,1) -> true | D96: =B96=C96 -> TRUE
A97: 9-obf-v1 | B97: true | C97: =_xlfn.XLOOKUP(A97&".png",Tabelle1[filename],Tabelle1[right_answer],"",0,1) -> true | D97: =B97=C97 -> TRUE
A98: -clean-v2 | B98: false | C98: =_xlfn.XLOOKUP(A98&".png",Tabelle1[filename],Tabelle1[right_answer],"",0,1) -> false | D98: =B98=C98 -> TRUE
A99: -obf-v2 | B99: false | C99: =_xlfn.XLOOKUP(A99&".png",Tabelle1[filename],Tabelle1[right_answer],"",0,1) -> false | D99: =B99=C99 -> TRUE
A100: 10-clean-v2 | B100: 7 | C100: =_xlfn.XLOOKUP(A100&".png",Tabelle1[filename],Tabelle1[right_answer],"",0,1) -> 7 | D100: =B100=C100 -> TRUE
...

Sheet P003 P004
A1: filename | B1: right_answer | C1: possible_wrong_answers | D1: number | E1: variant | F1: version | G1: Spalte1
A2: 4-clean-v0.png | B2: 0 | C2: -1;-2 | D2: 4 | E2: clean | F2: v0 | G2: 0 | K2: check dass 50% cleck und 50% obf bei random partition sind | L2: =SUM(G2,G4,G6,G8,G10,G12,G14,G16,G18,G20,G22,G24,G26,G28,G30,G32,G34,G36,G38,G40,G42,G44,G46,G48) -> 12
A3: 4-obf-v0.png | B3: 0 | C3: -1;-2 | D3: 4 | E3: obf | F3: v0 | G3: 1
A4: 5-clean-v0.png | B4: true | C4: false | D4: 5 | E4: clean | F4: v0 | G4: 0
A5: 5-obf-v0.png | B5: true | C5: false | D5: 5 | E5: obf | F5: v0 | G5: 1
A6: 6-clean-v0.png | B6: true | C6: false | D6: 6 | E6: clean | F6: v0 | G6: 1 | I6: filename | J6: right_answer | K6: possible_wrong_answers | L6: number | M6: variant | N6: version | O6: Spalte1
A7: 6-obf-v0.png | B7: true | C7: false | D7: 6 | E7: obf | F7: v0 | G7: 0 | I7: 63-clean-v0.png | J7: 9 | K7: 7;5 | L7: 63 | M7: clean | N7: v0 | O7: 1 | P7: {=_xlfn.XLOOKUP(Tabelle3[[#This Row],[filename]],Answer_Button_Distribution!$A$2:$A$153,Answer_Button_Distribution!$E$2:$G$153,"",0,1)} -> 5 | Q7: 7 | R7: 9
A8: 7-clean-v0.png | B8: 5 | C8: 6;7 | D8: 7 | E8: clean | F8: v0 | G8: 0 | I8: 62-obf-v0.png | J8: 3 | K8: 6;1 | L8: 62 | M8: obf | N8: v0 | O8: 1 | P8: {=_xlfn.XLOOKUP(Tabelle3[[#This Row],[filename]],Answer_Button_Distribution!$A$2:$A$153,Answer_Button_Distribution!$E$2:$G$153,"",0,1)} -> 1 | Q8: 3 | R8: 6
A9: 7-obf-v0.png | B9: 5 | C9: 6;7 | D9: 7 | E9: obf | F9: v0 | G9: 1 | I9: 17-clean-v0.png | J9: 6 | K9: 10;5 | L9: 17 | M9: clean | N9: v0 | O9: 1 | P9: {=_xlfn.XLOOKUP(Tabelle3[[#This Row],[filename]],Answer_Button_Distribution!$A$2:$A$153,Answer_Button_Distribution!$E$2:$G$153,"",0,1)} -> 5 | Q9: 6 | R9: 10
A10: 8-clean-v0.png | B10: true | C10: false | D10: 8 | E10: clean | F10: v0 | G10: 1 | I10: -clean-v0.png | J10: true | K10: false | M10: clean | N10: v0 | O10: 1 | P10: {=_xlfn.XLOOKUP(Tabelle3[[#This Row],[filename]],Answer_Button_Distribution!$A$2:$A$153,Answer_Button_Distribution!$E$2:$G$153,"",0,1)} -> false | Q10: true | R10: EMPTY
A11: 8-obf-v0.png | B11: true | C11: false | D11: 8 | E11: obf | F11: v0 | G11: 0 | I11: 7-obf-v0.png | J11: 5 | K11: 6;7 | L11: 7 | M11: obf | N11: v0 | O11: 1 | P11: {=_xlfn.XLOOKUP(Tabelle3[[#This Row],[filename]],Answer_Button_Distribution!$A$2:$A$153,Answer_Button_Distribution!$E$2:$G$153,"",0,1)} -> 5 | Q11: 6 | R11: 7
A12: 9-clean-v0.png | B12: false | C12: true | D12: 9 | E12: clean | F12: v0 | G12: 1 | I12: 12-clean-v0.png | J12: 7 | K12: 6;5 | L12: 12 | M12: clean | N12: v0 | O12: 1 | P12: {=_xlfn.XLOOKUP(Tabelle3[[#This Row],[filename]],Answer_Button_Distribution!$A$2:$A$153,Answer_Button_Distribution!$E$2:$G$153,"",0,1)} -> 5 | Q12: 6 | R12: 7
A13: 9-obf-v0.png | B13: false | C13: true | D13: 9 | E13: obf | F13: v0 | G13: 0 | I13: 5-obf-v0.png | J13: true | K13: false | L13: 5 | M13: obf | N13: v0 | O13: 1 | P13: {=_xlfn.XLOOKUP(Tabelle3[[#This Row],[filename]],Answer_Button_Distribution!$A$2:$A$153,Answer_Button_Distribution!$E$2:$G$153,"",0,1)} -> false | Q13: true | R13: EMPTY
A14: 10-clean-v0.png | B14: 1 | C14: 0;2 | D14: 10 | E14: clean | F14: v0 | G14: 0 | I14: 10-obf-v0.png | J14: 1 | K14: 0;2 | L14: 10 | M14: obf | N14: v0 | O14: 1 | P14: {=_xlfn.XLOOKUP(Tabelle3[[#This Row],[filename]],Answer_Button_Distribution!$A$2:$A$153,Answer_Button_Distribution!$E$2:$G$153,"",0,1)} -> 0 | Q14: 1 | R14: 2
A15: 10-obf-v0.png | B15: 1 | C15: 0;2 | D15: 10 | E15: obf | F15: v0 | G15: 1 | I15: 60-clean-v0.png | J15: 32 | K15: 256;288 | L15: 60 | M15: clean | N15: v0 | O15: 1 | P15: {=_xlfn.XLOOKUP(Tabelle3[[#This Row],[filename]],Answer_Button_Distribution!$A$2:$A$153,Answer_Button_Distribution!$E$2:$G$153,"",0,1)} -> 32 | Q15: 256 | R15: 288
A16: 11-clean-v0.png | B16: true | C16: false | D16: 11 | E16: clean | F16: v0 | G16: 0 | I16: 61-obf-v0.png | J16: 4 | K16: 2;0 | L16: 61 | M16: obf | N16: v0 | O16: 1 | P16: {=_xlfn.XLOOKUP(Tabelle3[[#This Row],[filename]],Answer_Button_Distribution!$A$2:$A$153,Answer_Button_Distribution!$E$2:$G$153,"",0,1)} -> 0 | Q16: 2 | R16: 4
A17: 11-obf-v0.png | B17: true | C17: false | D17: 11 | E17: obf | F17: v0 | G17: 1 | I17: 14-obf-v0.png | J17: 4 | K17: 1;2 | L17: 14 | M17: obf | N17: v0 | O17: 1 | P17: {=_xlfn.XLOOKUP(Tabelle3[[#This Row],[filename]],Answer_Button_Distribution!$A$2:$A$153,Answer_Button_Distribution!$E$2:$G$153,"",0,1)} -> 1 | Q17: 2 | R17: 4
A18: 12-clean-v0.png | B18: 7 | C18: 6;5 | D18: 12 | E18: clean | F18: v0 | G18: 1 | I18: 16-clean-v0.png | J18: 7 | K18: 5;3 | L18: 16 | M18: clean | N18: v0 | O18: 1 | P18: {=_xlfn.XLOOKUP(Tabelle3[[#This Row],[filename]],Answer_Button_Distribution!$A$2:$A$153,Answer_Button_Distribution!$E$2:$G$153,"",0,1)} -> 3 | Q18: 5 | R18: 7
A19: 12-obf-v0.png | B19: 7 | C19: 6;5 | D19: 12 | E19: obf | F19: v0 | G19: 0 | I19: 49-obf-v0.png | J19: 2 | K19: 1;3 | L19: 49 | M19: obf | N19: v0 | O19: 1 | P19: {=_xlfn.XLOOKUP(Tabelle3[[#This Row],[filename]],Answer_Button_Distribution!$A$2:$A$153,Answer_Button_Distribution!$E$2:$G$153,"",0,1)} -> 1 | Q19: 2 | R19: 3
A20: 13-clean-v0.png | B20: 5 | C20: 6;3 | D20: 13 | E20: clean | F20: v0 | G20: 0 | I20: 18-obf-v0.png | J20: 2 | K20: 1;3 | L20: 18 | M20: obf | N20: v0 | O20: 1 | P20: {=_xlfn.XLOOKUP(Tabelle3[[#This Row],[filename]],Answer_Button_Distribution!$A$2:$A$153,Answer_Button_Distribution!$E$2:$G$153,"",0,1)} -> 1 | Q20: 2 | R20: 3
A21: 13-obf-v0.png | B21: 5 | C21: 6;3 | D21: 13 | E21: obf | F21: v0 | G21: 1 | I21: 15-clean-v0.png | J21: 9.0 | K21: 8.0;4.5 | L21: 15 | M21: clean | N21: v0 | O21: 1 | P21: {=_xlfn.XLOOKUP(Tabelle3[[#This Row],[filename]],Answer_Button_Distribution!$A$2:$A$153,Answer_Button_Distribution!$E$2:$G$153,"",0,1)} -> 4.5 | Q21: 8.0 | R21: 9.0
A22: 14-clean-v0.png | B22: 4 | C22: 1;2 | D22: 14 | E22: clean | F22: v0 | G22: 0 | I22: 6-clean-v0.png | J22: true | K22: false | L22: 6 | M22: clean | N22: v0 | O22: 1 | P22: {=_xlfn.XLOOKUP(Tabelle3[[#This Row],[filename]],Answer_Button_Distribution!$A$2:$A$153,Answer_Button_Distribution!$E$2:$G$153,"",0,1)} -> false | Q22: true | R22: EMPTY
A23: 14-obf-v0.png | B23: 4 | C23: 1;2 | D23: 14 | E23: obf | F23: v0 | G23: 1 | I23: 54-clean-v0.png | J23: 0 | K23: 15;12 | L23: 54 | M23: clean | N23: v0 | O23: 1 | P23: {=_xlfn.XLOOKUP(Tabelle3[[#This Row],[filename]],Answer_Button_Distribution!$A$2:$A$153,Answer_Button_Distribution!$E$2:$G$153,"",0,1)} -> 0 | Q23: 12 | R23: 15
A24: 15-clean-v0.png | B24: 9.0 | C24: 8.0;4.5 | D24: 15 | E24: clean | F24: v0 | G24: 1 | I24: 4-obf-v0.png | J24: 0 | K24: -1;-2 | L24: 4 | M24: obf | N24: v0 | O24: 1 | P24: {=_xlfn.XLOOKUP(Tabelle3[[#This Row],[filename]],Answer_Button_Distribution!$A$2:$A$153,Answer_Button_Distribution!$E$2:$G$153,"",0,1)} -> -2 | Q24: -1 | R24: 0
A25: 15-obf-v0.png | B25: 9.0 | C25: 8.0;4.5 | D25: 15 | E25: obf | F25: v0 | G25: 0 | I25: 13-obf-v0.png | J25: 5 | K25: 6;3 | L25: 13 | M25: obf | N25: v0 | O25: 1 | P25: {=_xlfn.XLOOKUP(Tabelle3[[#This Row],[filename]],Answer_Button_Distribution!$A$2:$A$153,Answer_Button_Distribution!$E$2:$G$153,"",0,1)} -> 3 | Q25: 5 | R25: 6
A26: 16-clean-v0.png | B26: 7 | C26: 5;3 | D26: 16 | E26: clean | F26: v0 | G26: 1 | I26: 8-clean-v0.png | J26: true | K26: false | L26: 8 | M26: clean | N26: v0 | O26: 1 | P26: {=_xlfn.XLOOKUP(Tabelle3[[#This Row],[filename]],Answer_Button_Distribution!$A$2:$A$153,Answer_Button_Distribution!$E$2:$G$153,"",0,1)} -> false | Q26: true | R26: EMPTY
A27: 16-obf-v0.png | B27: 7 | C27: 5;3 | D27: 16 | E27: obf | F27: v0 | G27: 0 | I27: 11-obf-v0.png | J27: true | K27: false | L27: 11 | M27: obf | N27: v0 | O27: 1 | P27: {=_xlfn.XLOOKUP(Tabelle3[[#This Row],[filename]],Answer_Button_Distribution!$A$2:$A$153,Answer_Button_Distribution!$E$2:$G$153,"",0,1)} -> false | Q27: true | R27: EMPTY
A28: 17-clean-v0.png | B28: 6 | C28: 10;5 | D28: 17 | E28: clean | F28: v0 | G28: 1 | I28: 57-clean-v0.png | J28: 8 | K28: 5;10 | L28: 57 | M28: clean | N28: v0 | O28: 1 | P28: {=_xlfn.XLOOKUP(Tabelle3[[#This Row],[filename]],Answer_Button_Distribution!$A$2:$A$153,Answer_Button_Distribution!$E$2:$G$153,"",0,1)} -> 5 | Q28: 8 | R28: 10
A29: 17-obf-v0.png | B29: 6 | C29: 10;5 | D29: 17 | E29: obf | F29: v0 | G29: 0 | I29: 30-obf-v0.png | J29: true | K29: false | L29: 30 | M29: obf | N29: v0 | O29: 1 | P29: {=_xlfn.XLOOKUP(Tabelle3[[#This Row],[filename]],Answer_Button_Distribution!$A$2:$A$153,Answer_Button_Distribution!$E$2:$G$153,"",0,1)} -> false | Q29: true | R29: EMPTY
A30: 18-clean-v0.png | B30: 2 | C30: 1;3 | D30: 18 | E30: clean | F30: v0 | G30: 0 | I30: 9-clean-v0.png | J30: false | K30: true | L30: 9 | M30: clean | N30: v0 | O30: 1 | P30: {=_xlfn.XLOOKUP(Tabelle3[[#This Row],[filename]],Answer_Button_Distribution!$A$2:$A$153,Answer_Button_Distribution!$E$2:$G$153,"",0,1)} -> false | Q30: true | R30: EMPTY
A31: 18-obf-v0.png | B31: 2 | C31: 1;3 | D31: 18 | E31: obf | F31: v0 | G31: 1 | I31: 5-obf-v1.png | J31: true | K31: false | L31: 5 | M31: obf | N31: v1 | O31: 1 | P31: {=_xlfn.XLOOKUP(Tabelle3[[#This Row],[filename]],Answer_Button_Distribution!$A$2:$A$153,Answer_Button_Distribution!$E$2:$G$153,"",0,1)} -> false | Q31: true | R31: EMPTY
A32: 30-clean-v0.png | B32: true | C32: false | D32: 30 | E32: clean | F32: v0 | G32: 0 | I32: 16-clean-v1.png | J32: 5 | K32: 4;6 | L32: 16 | M32: clean | N32: v1 | O32: 1 | P32: {=_xlfn.XLOOKUP(Tabelle3[[#This Row],[filename]],Answer_Button_Distribution!$A$2:$A$153,Answer_Button_Distribution!$E$2:$G$153,"",0,1)} -> 4 | Q32: 5 | R32: 6
A33: 30-obf-v0.png | B33: true | C33: false | D33: 30 | E33: obf | F33: v0 | G33: 1 | I33: 61-obf-v1.png | J33: 256 | K33: 128;42 | L33: 61 | M33: obf | N33: v1 | O33: 1 | P33: {=_xlfn.XLOOKUP(Tabelle3[[#This Row],[filename]],Answer_Button_Distribution!$A$2:$A$153,Answer_Button_Distribution!$E$2:$G$153,"",0,1)} -> 42 | Q33: 128 | R33: 256
A34: 49-clean-v0.png | B34: 2 | C34: 1;3 | D34: 49 | E34: clean | F34: v0 | G34: 0 | I34: 18-obf-v1.png | J34: 2 | K34: 5;7 | L34: 18 | M34: obf | N34: v1 | O34: 1 | P34: {=_xlfn.XLOOKUP(Tabelle3[[#This Row],[filename]],Answer_Button_Distribution!$A$2:$A$153,Answer_Button_Distribution!$E$2:$G$153,"",0,1)} -> 2 | Q34: 5 | R34: 7
A35: 49-obf-v0.png | B35: 2 | C35: 1;3 | D35: 49 | E35: obf | F35: v0 | G35: 1 | I35: -clean-v1.png | J35: false | K35: true | M35: clean | N35: v1 | O35: 1 | P35: {=_xlfn.XLOOKUP(Tabelle3[[#This Row],[filename]],Answer_Button_Distribution!$A$2:$A$153,Answer_Button_Distribution!$E$2:$G$153,"",0,1)} -> false | Q35: true | R35: EMPTY
A36: 54-clean-v0.png | B36: 0 | C36: 15;12 | D36: 54 | E36: clean | F36: v0 | G36: 1 | I36: 57-clean-v1.png | J36: 10 | K36: 13;6 | L36: 57 | M36: clean | N36: v1 | O36: 1 | P36: {=_xlfn.XLOOKUP(Tabelle3[[#This Row],[filename]],Answer_Button_Distribution!$A$2:$A$153,Answer_Button_Distribution!$E$2:$G$153,"",0,1)} -> 6 | Q36: 10 | R36: 13
A37: 54-obf-v0.png | B37: 0 | C37: 15;12 | D37: 54 | E37: obf | F37: v0 | G37: 0 | I37: 62-obf-v1.png | J37: 60 | K37: 30;84 | L37: 62 | M37: obf | N37: v1 | O37: 1 | P37: {=_xlfn.XLOOKUP(Tabelle3[[#This Row],[filename]],Answer_Button_Distribution!$A$2:$A$153,Answer_Button_Distribution!$E$2:$G$153,"",0,1)} -> 30 | Q37: 60 | R37: 84
A38: 57-clean-v0.png | B38: 8 | C38: 5;10 | D38: 57 | E38: clean | F38: v0 | G38: 1 | I38: 15-clean-v1.png | J38: 13.0 | K38: 12.0;14.0 | L38: 15 | M38: clean | N38: v1 | O38: 1 | P38: {=_xlfn.XLOOKUP(Tabelle3[[#This Row],[filename]],Answer_Button_Distribution!$A$2:$A$153,Answer_Button_Distribution!$E$2:$G$153,"",0,1)} -> 12.0 | Q38: 13.0 | R38: 14.0
A39: 57-obf-v0.png | B39: 8 | C39: 5;10 | D39: 57 | E39: obf | F39: v0 | G39: 0 | I39: 54-clean-v1.png | J39: 9 | K39: 15;24 | L39: 54 | M39: clean | N39: v1 | O39: 1 | P39: {=_xlfn.XLOOKUP(Tabelle3[[#This Row],[filename]],Answer_Button_Distribution!$A$2:$A$153,Answer_Button_Distribution!$E$2:$G$153,"",0,1)} -> 9 | Q39: 15 | R39: 24
A40: 60-clean-v0.png | B40: 32 | C40: 256;288 | D40: 60 | E40: clean | F40: v0 | G40: 1 | I40: 11-obf-v1.png | J40: false | K40: true | L40: 11 | M40: obf | N40: v1 | O40: 1 | P40: {=_xlfn.XLOOKUP(Tabelle3[[#This Row],[filename]],Answer_Button_Distribution!$A$2:$A$153,Answer_Button_Distribution!$E$2:$G$153,"",0,1)} -> false | Q40: true | R40: EMPTY
A41: 60-obf-v0.png | B41: 32 | C41: 256;288 | D41: 60 | E41: obf | F41: v0 | G41: 0 | I41: 9-clean-v1.png | J41: true | K41: false | L41: 9 | M41: clean | N41: v1 | O41: 1 | P41: {=_xlfn.XLOOKUP(Tabelle3[[#This Row],[filename]],Answer_Button_Distribution!$A$2:$A$153,Answer_Button_Distribution!$E$2:$G$153,"",0,1)} -> false | Q41: true | R41: EMPTY
A42: 61-clean-v0.png | B42: 4 | C42: 2;0 | D42: 61 | E42: clean | F42: v0 | G42: 0 | I42: 6-clean-v1.png | J42: true | K42: false | L42: 6 | M42: clean | N42: v1 | O42: 1 | P42: {=_xlfn.XLOOKUP(Tabelle3[[#This Row],[filename]],Answer_Button_Distribution!$A$2:$A$153,Answer_Button_Distribution!$E$2:$G$153,"",0,1)} -> false | Q42: true | R42: EMPTY
A43: 61-obf-v0.png | B43: 4 | C43: 2;0 | D43: 61 | E43: obf | F43: v0 | G43: 1 | I43: 4-obf-v1.png | J43: 6 | K43: 4;3 | L43: 4 | M43: obf | N43: v1 | O43: 1 | P43: {=_xlfn.XLOOKUP(Tabelle3[[#This Row],[filename]],Answer_Button_Distribution!$A$2:$A$153,Answer_Button_Distribution!$E$2:$G$153,"",0,1)} -> 3 | Q43: 4 | R43: 6
A44: 62-clean-v0.png | B44: 3 | C44: 6;1 | D44: 62 | E44: clean | F44: v0 | G44: 0 | I44: 14-obf-v1.png | J44: 12 | K44: 3;4 | L44: 14 | M44: obf | N44: v1 | O44: 1 | P44: {=_xlfn.XLOOKUP(Tabelle3[[#This Row],[filename]],Answer_Button_Distribution!$A$2:$A$153,Answer_Button_Distribution!$E$2:$G$153,"",0,1)} -> 3 | Q44: 4 | R44: 12
A45: 62-obf-v0.png | B45: 3 | C45: 6;1 | D45: 62 | E45: obf | F45: v0 | G45: 1 | I45: 10-obf-v1.png | J45: -1 | K45: 0;5 | L45: 10 | M45: obf | N45: v1 | O45: 1 | P45: {=_xlfn.XLOOKUP(Tabelle3[[#This Row],[filename]],Answer_Button_Distribution!$A$2:$A$153,Answer_Button_Distribution!$E$2:$G$153,"",0,1)} -> -1 | Q45: 0 | R45: 5
A46: 63-clean-v0.png | B46: 9 | C46: 7;5 | D46: 63 | E46: clean | F46: v0 | G46: 1 | I46: 8-clean-v1.png | J46: false | K46: true | L46: 8 | M46: clean | N46: v1 | O46: 1 | P46: {=_xlfn.XLOOKUP(Tabelle3[[#This Row],[filename]],Answer_Button_Distribution!$A$2:$A$153,Answer_Button_Distribution!$E$2:$G$153,"",0,1)} -> false | Q46: true | R46: EMPTY
A47: 63-obf-v0.png | B47: 9 | C47: 7;5 | D47: 63 | E47: obf | F47: v0 | G47: 0 | I47: 49-obf-v1.png | J47: 22 | K47: 10;40 | L47: 49 | M47: obf | N47: v1 | O47: 1 | P47: {=_xlfn.XLOOKUP(Tabelle3[[#This Row],[filename]],Answer_Button_Distribution!$A$2:$A$153,Answer_Button_Distribution!$E$2:$G$153,"",0,1)} -> 10 | Q47: 22 | R47: 40
A48: -clean-v0.png | B48: true | C48: false | E48: clean | F48: v0 | G48: 1 | I48: 7-obf-v1.png | J48: 7 | K48: 8;9 | L48: 7 | M48: obf | N48: v1 | O48: 1 | P48: {=_xlfn.XLOOKUP(Tabelle3[[#This Row],[filename]],Answer_Button_Distribution!$A$2:$A$153,Answer_Button_Distribution!$E$2:$G$153,"",0,1)} -> 7 | Q48: 8 | R48: 9
A49: -obf-v0.png | B49: true | C49: false | E49: obf | F49: v0 | G49: 0 | I49: 12-clean-v1.png | J49: 0 | K49: 1;-1 | L49: 12 | M49: clean | N49: v1 | O49: 1 | P49: {=_xlfn.XLOOKUP(Tabelle3[[#This Row],[filename]],Answer_Button_Distribution!$A$2:$A$153,Answer_Button_Distribution!$E$2:$G$153,"",0,1)} -> -1 | Q49: 0 | R49: 1
A50: 4-clean-v1.png | B50: 6 | C50: 4;3 | D50: 4 | E50: clean | F50: v1 | G50: 0 | I50: 13-obf-v1.png | J50: 11 | K50: 4;7 | L50: 13 | M50: obf | N50: v1 | O50: 1 | P50: {=_xlfn.XLOOKUP(Tabelle3[[#This Row],[filename]],Answer_Button_Distribution!$A$2:$A$153,Answer_Button_Distribution!$E$2:$G$153,"",0,1)} -> 4 | Q50: 7 | R50: 11
A51: 4-obf-v1.png | B51: 6 | C51: 4;3 | D51: 4 | E51: obf | F51: v1 | G51: 1 | I51: 17-clean-v1.png | J51: 1 | K51: 3;4 | L51: 17 | M51: clean | N51: v1 | O51: 1 | P51: {=_xlfn.XLOOKUP(Tabelle3[[#This Row],[filename]],Answer_Button_Distribution!$A$2:$A$153,Answer_Button_Distribution!$E$2:$G$153,"",0,1)} -> 1 | Q51: 3 | R51: 4
A52: 5-clean-v1.png | B52: true | C52: false | D52: 5 | E52: clean | F52: v1 | G52: 0 | I52: 63-clean-v1.png | J52: 5 | K52: 10;12 | L52: 63 | M52: clean | N52: v1 | O52: 1 | P52: {=_xlfn.XLOOKUP(Tabelle3[[#This Row],[filename]],Answer_Button_Distribution!$A$2:$A$153,Answer_Button_Distribution!$E$2:$G$153,"",0,1)} -> 5 | Q52: 10 | R52: 12
A53: 5-obf-v1.png | B53: true | C53: false | D53: 5 | E53: obf | F53: v1 | G53: 1 | I53: 30-obf-v1.png | J53: true | K53: false | L53: 30 | M53: obf | N53: v1 | O53: 1 | P53: {=_xlfn.XLOOKUP(Tabelle3[[#This Row],[filename]],Answer_Button_Distribution!$A$2:$A$153,Answer_Button_Distribution!$E$2:$G$153,"",0,1)} -> false | Q53: true | R53: EMPTY
A54: 6-clean-v1.png | B54: true | C54: false | D54: 6 | E54: clean | F54: v1 | G54: 1 | I54: 60-clean-v1.png | J54: 0 | K54: 2;512 | L54: 60 | M54: clean | N54: v1 | O54: 1 | P54: {=_xlfn.XLOOKUP(Tabelle3[[#This Row],[filename]],Answer_Button_Distribution!$A$2:$A$153,Answer_Button_Distribution!$E$2:$G$153,"",0,1)} -> 0 | Q54: 2 | R54: 512
A55: 6-obf-v1.png | B55: true | C55: false | D55: 6 | E55: obf | F55: v1 | G55: 0 | I55: 61-obf-v2.png | J55: 66 | K55: 6;60 | L55: 61 | M55: obf | N55: v2 | O55: 1 | P55: {=_xlfn.XLOOKUP(Tabelle3[[#This Row],[filename]],Answer_Button_Distribution!$A$2:$A$153,Answer_Button_Distribution!$E$2:$G$153,"",0,1)} -> 6 | Q55: 60 | R55: 66
A56: 7-clean-v1.png | B56: 7 | C56: 8;9 | D56: 7 | E56: clean | F56: v1 | G56: 0 | I56: 4-obf-v2.png | J56: 7 | K56: 16;8 | L56: 4 | M56: obf | N56: v2 | O56: 1 | P56: {=_xlfn.XLOOKUP(Tabelle3[[#This Row],[filename]],Answer_Button_Distribution!$A$2:$A$153,Answer_Button_Distribution!$E$2:$G$153,"",0,1)} -> 7 | Q56: 8 | R56: 16
A57: 7-obf-v1.png | B57: 7 | C57: 8;9 | D57: 7 | E57: obf | F57: v1 | G57: 1 | I57: 16-clean-v2.png | J57: 6 | K57: 4;13 | L57: 16 | M57: clean | N57: v2 | O57: 1 | P57: {=_xlfn.XLOOKUP(Tabelle3[[#This Row],[filename]],Answer_Button_Distribution!$A$2:$A$153,Answer_Button_Distribution!$E$2:$G$153,"",0,1)} -> 4 | Q57: 6 | R57: 13
A58: 8-clean-v1.png | B58: false | C58: true | D58: 8 | E58: clean | F58: v1 | G58: 1 | I58: 54-clean-v2.png | J58: 0 | K58: 6;2 | L58: 54 | M58: clean | N58: v2 | O58: 1 | P58: {=_xlfn.XLOOKUP(Tabelle3[[#This Row],[filename]],Answer_Button_Distribution!$A$2:$A$153,Answer_Button_Distribution!$E$2:$G$153,"",0,1)} -> 0 | Q58: 2 | R58: 6
A59: 8-obf-v1.png | B59: false | C59: true | D59: 8 | E59: obf | F59: v1 | G59: 0 | I59: 5-obf-v2.png | J59: false | K59: true | L59: 5 | M59: obf | N59: v2 | O59: 1 | P59: {=_xlfn.XLOOKUP(Tabelle3[[#This Row],[filename]],Answer_Button_Distribution!$A$2:$A$153,Answer_Button_Distribution!$E$2:$G$153,"",0,1)} -> false | Q59: true | R59: EMPTY
A60: 9-clean-v1.png | B60: true | C60: false | D60: 9 | E60: clean | F60: v1 | G60: 1 | I60: 57-clean-v2.png | J60: 21 | K60: 20;22 | L60: 57 | M60: clean | N60: v2 | O60: 1 | P60: {=_xlfn.XLOOKUP(Tabelle3[[#This Row],[filename]],Answer_Button_Distribution!$A$2:$A$153,Answer_Button_Distribution!$E$2:$G$153,"",0,1)} -> 20 | Q60: 21 | R60: 22
A61: 9-obf-v1.png | B61: true | C61: false | D61: 9 | E61: obf | F61: v1 | G61: 0 | I61: 62-obf-v2.png | J61: 50 | K61: 500;100 | L61: 62 | M61: obf | N61: v2 | O61: 1 | P61: {=_xlfn.XLOOKUP(Tabelle3[[#This Row],[filename]],Answer_Button_Distribution!$A$2:$A$153,Answer_Button_Distribution!$E$2:$G$153,"",0,1)} -> 50 | Q61: 100 | R61: 500
A62: 10-clean-v1.png | B62: -1 | C62: 0;5 | D62: 10 | E62: clean | F62: v1 | G62: 0 | I62: 11-obf-v2.png | J62: false | K62: true | L62: 11 | M62: obf | N62: v2 | O62: 1 | P62: {=_xlfn.XLOOKUP(Tabelle3[[#This Row],[filename]],Answer_Button_Distribution!$A$2:$A$153,Answer_Button_Distribution!$E$2:$G$153,"",0,1)} -> false | Q62: true | R62: EMPTY
A63: 10-obf-v1.png | B63: -1 | C63: 0;5 | D63: 10 | E63: obf | F63: v1 | G63: 1 | I63: 49-obf-v2.png | J63: 42 | K63: 21;80 | L63: 49 | M63: obf | N63: v2 | O63: 1 | P63: {=_xlfn.XLOOKUP(Tabelle3[[#This Row],[filename]],Answer_Button_Distribution!$A$2:$A$153,Answer_Button_Distribution!$E$2:$G$153,"",0,1)} -> 21 | Q63: 42 | R63: 80
A64: 11-clean-v1.png | B64: false | C64: true | D64: 11 | E64: clean | F64: v1 | G64: 0 | I64: 17-clean-v2.png | J64: 9 | K64: 8;1 | L64: 17 | M64: clean | N64: v2 | O64: 1 | P64: {=_xlfn.XLOOKUP(Tabelle3[[#This Row],[filename]],Answer_Button_Distribution!$A$2:$A$153,Answer_Button_Distribution!$E$2:$G$153,"",0,1)} -> 1 | Q64: 8 | R64: 9
A65: 11-obf-v1.png | B65: false | C65: true | D65: 11 | E65: obf | F65: v1 | G65: 1 | I65: 7-obf-v2.png | J65: 8 | K65: 9;17 | L65: 7 | M65: obf | N65: v2 | O65: 1 | P65: {=_xlfn.XLOOKUP(Tabelle3[[#This Row],[filename]],Answer_Button_Distribution!$A$2:$A$153,Answer_Button_Distribution!$E$2:$G$153,"",0,1)} -> 8 | Q65: 9 | R65: 17
A66: 12-clean-v1.png | B66: 0 | C66: 1;-1 | D66: 12 | E66: clean | F66: v1 | G66: 1 | I66: 18-obf-v2.png | J66: 6 | K66: 4;5 | L66: 18 | M66: obf | N66: v2 | O66: 1 | P66: {=_xlfn.XLOOKUP(Tabelle3[[#This Row],[filename]],Answer_Button_Distribution!$A$2:$A$153,Answer_Button_Distribution!$E$2:$G$153,"",0,1)} -> 4 | Q66: 5 | R66: 6
A67: 12-obf-v1.png | B67: 0 | C67: 1;-1 | D67: 12 | E67: obf | F67: v1 | G67: 0 | I67: 63-clean-v2.png | J67: 80 | K67: 50;40 | L67: 63 | M67: clean | N67: v2 | O67: 1 | P67: {=_xlfn.XLOOKUP(Tabelle3[[#This Row],[filename]],Answer_Button_Distribution!$A$2:$A$153,Answer_Button_Distribution!$E$2:$G$153,"",0,1)} -> 40 | Q67: 50 | R67: 80
A68: 13-clean-v1.png | B68: 11 | C68: 4;7 | D68: 13 | E68: clean | F68: v1 | G68: 0 | I68: 14-obf-v2.png | J68: 27 | K68: 30;9 | L68: 14 | M68: obf | N68: v2 | O68: 1 | P68: {=_xlfn.XLOOKUP(Tabelle3[[#This Row],[filename]],Answer_Button_Distribution!$A$2:$A$153,Answer_Button_Distribution!$E$2:$G$153,"",0,1)} -> 9 | Q68: 27 | R68: 30
A69: 13-obf-v1.png | B69: 11 | C69: 4;7 | D69: 13 | E69: obf | F69: v1 | G69: 1 | I69: 60-clean-v2.png | J69: 40 | K69: 255;296 | L69: 60 | M69: clean | N69: v2 | O69: 1 | P69: {=_xlfn.XLOOKUP(Tabelle3[[#This Row],[filename]],Answer_Button_Distribution!$A$2:$A$153,Answer_Button_Distribution!$E$2:$G$153,"",0,1)} -> 40 | Q69: 255 | R69: 296
A70: 14-clean-v1.png | B70: 12 | C70: 3;4 | D70: 14 | E70: clean | F70: v1 | G70: 0 | I70: 30-obf-v2.png | J70: false | K70: true | L70: 30 | M70: obf | N70: v2 | O70: 1 | P70: {=_xlfn.XLOOKUP(Tabelle3[[#This Row],[filename]],Answer_Button_Distribution!$A$2:$A$153,Answer_Button_Distribution!$E$2:$G$153,"",0,1)} -> false | Q70: true | R70: EMPTY
A71: 14-obf-v1.png | B71: 12 | C71: 3;4 | D71: 14 | E71: obf | F71: v1 | G71: 1 | I71: 12-clean-v2.png | J71: 4 | K71: 3;2 | L71: 12 | M71: clean | N71: v2 | O71: 1 | P71: {=_xlfn.XLOOKUP(Tabelle3[[#This Row],[filename]],Answer_Button_Distribution!$A$2:$A$153,Answer_Button_Distribution!$E$2:$G$153,"",0,1)} -> 2 | Q71: 3 | R71: 4
A72: 15-clean-v1.png | B72: 13.0 | C72: 12.0;14.0 | D72: 15 | E72: clean | F72: v1 | G72: 1 | I72: 6-clean-v2.png | J72: true | K72: false | L72: 6 | M72: clean | N72: v2 | O72: 1 | P72: {=_xlfn.XLOOKUP(Tabelle3[[#This Row],[filename]],Answer_Button_Distribution!$A$2:$A$153,Answer_Button_Distribution!$E$2:$G$153,"",0,1)} -> false | Q72: true | R72: EMPTY
A73: 15-obf-v1.png | B73: 13.0 | C73: 12.0;14.0 | D73: 15 | E73: obf | F73: v1 | G73: 0 | I73: 9-clean-v2.png | J73: false | K73: true | L73: 9 | M73: clean | N73: v2 | O73: 1 | P73: {=_xlfn.XLOOKUP(Tabelle3[[#This Row],[filename]],Answer_Button_Distribution!$A$2:$A$153,Answer_Button_Distribution!$E$2:$G$153,"",0,1)} -> false | Q73: true | R73: EMPTY
A74: 16-clean-v1.png | B74: 5 | C74: 4;6 | D74: 16 | E74: clean | F74: v1 | G74: 1 | I74: 13-obf-v2.png | J74: 5 | K74: 6;8 | L74: 13 | M74: obf | N74: v2 | O74: 1 | P74: {=_xlfn.XLOOKUP(Tabelle3[[#This Row],[filename]],Answer_Button_Distribution!$A$2:$A$153,Answer_Button_Distribution!$E$2:$G$153,"",0,1)} -> 5 | Q74: 6 | R74: 8
A75: 16-obf-v1.png | B75: 5 | C75: 4;6 | D75: 16 | E75: obf | F75: v1 | G75: 0 | I75: 10-obf-v2.png | J75: 7 | K75: 6;4 | L75: 10 | M75: obf | N75: v2 | O75: 1 | P75: {=_xlfn.XLOOKUP(Tabelle3[[#This Row],[filename]],Answer_Button_Distribution!$A$2:$A$153,Answer_Button_Distribution!$E$2:$G$153,"",0,1)} -> 4 | Q75: 6 | R75: 7
A76: 17-clean-v1.png | B76: 1 | C76: 3;4 | D76: 17 | E76: clean | F76: v1 | G76: 1 | I76: -clean-v2.png | J76: false | K76: true | M76: clean | N76: v2 | O76: 1 | P76: {=_xlfn.XLOOKUP(Tabelle3[[#This Row],[filename]],Answer_Button_Distribution!$A$2:$A$153,Answer_Button_Distribution!$E$2:$G$153,"",0,1)} -> false | Q76: true | R76: EMPTY
A77: 17-obf-v1.png | B77: 1 | C77: 3;4 | D77: 17 | E77: obf | F77: v1 | G77: 0 | I77: 8-clean-v2.png | J77: false | K77: true | L77: 8 | M77: clean | N77: v2 | O77: 1 | P77: {=_xlfn.XLOOKUP(Tabelle3[[#This Row],[filename]],Answer_Button_Distribution!$A$2:$A$153,Answer_Button_Distribution!$E$2:$G$153,"",0,1)} -> false | Q77: true | R77: EMPTY
A78: 18-clean-v1.png | B78: 2 | C78: 5;7 | D78: 18 | E78: clean | F78: v1 | G78: 0 | I78: 15-clean-v2.png | J78: 62.0 | K78: 312.0;63.0 | L78: 15 | M78: clean | N78: v2 | O78: 1 | P78: {=_xlfn.XLOOKUP(Tabelle3[[#This Row],[filename]],Answer_Button_Distribution!$A$2:$A$153,Answer_Button_Distribution!$E$2:$G$153,"",0,1)} -> 62.0 | Q78: 63.0 | R78: 312.0
A79: 18-obf-v1.png | B79: 2 | C79: 5;7 | D79: 18 | E79: obf | F79: v1 | G79: 1
A80: 30-clean-v1.png | B80: true | C80: false | D80: 30 | E80: clean | F80: v1 | G80: 0
A81: 30-obf-v1.png | B81: true | C81: false | D81: 30 | E81: obf | F81: v1 | G81: 1
A82: 49-clean-v1.png | B82: 22 | C82: 10;40 | D82: 49 | E82: clean | F82: v1 | G82: 0
A83: 49-obf-v1.png | B83: 22 | C83: 10;40 | D83: 49 | E83: obf | F83: v1 | G83: 1
A84: 54-clean-v1.png | B84: 9 | C84: 15;24 | D84: 54 | E84: clean | F84: v1 | G84: 1
A85: 54-obf-v1.png | B85: 9 | C85: 15;24 | D85: 54 | E85: obf | F85: v1 | G85: 0
A86: 57-clean-v1.png | B86: 10 | C86: 13;6 | D86: 57 | E86: clean | F86: v1 | G86: 1
A87: 57-obf-v1.png | B87: 10 | C87: 13;6 | D87: 57 | E87: obf | F87: v1 | G87: 0
A88: 60-clean-v1.png | B88: 0 | C88: 2;512 | D88: 60 | E88: clean | F88: v1 | G88: 1
A89: 60-obf-v1.png | B89: 0 | C89: 2;512 | D89: 60 | E89: obf | F89: v1 | G89: 0
A90: 61-clean-v1.png | B90: 256 | C90: 128;42 | D90: 61 | E90: clean | F90: v1 | G90: 0
A91: 61-obf-v1.png | B91: 256 | C91: 128;42 | D91: 61 | E91: obf | F91: v1 | G91: 1
A92: 62-clean-v1.png | B92: 60 | C92: 30;84 | D92: 62 | E92: clean | F92: v1 | G92: 0
A93: 62-obf-v1.png | B93: 60 | C93: 30;84 | D93: 62 | E93: obf | F93: v1 | G93: 1
... A95: 63-obf-v1.png | B95: 5 | C95: 10;12 | D95: 63 | E95: obf | F95: v1 | G95: 0
A96: -clean-v1.png | B96: false | C96: true | E96: clean | F96: v1 | G96: 1
A97: -obf-v1.png | B97: false | C97: true | E97: obf | F97: v1 | G97: 0
A98: 4-clean-v2.png | B98: 7 | C98: 16;8 | D98: 4 | E98: clean | F98: v2 | G98: 0
A99: 4-obf-v2.png | B99: 7 | C99: 16;8 | D99: 4 | E99: obf | F99: v2 | G99: 1
A100: 5-clean-v2.png | B100: false | C100: true | D100: 5 | E100: clean | F100: v2 | G100: 0
A101: 5-obf-v2.png | B101: false | C101: true | D101: 5 | E101: obf | F101: v2 | G101: 1
...

Sheet Answer_Button_Distribution
A1: Original | E1: sorted
A2: filename | B2: right_answer | C2: wrong_answer1 | D2: wrong_answer2 | E2: answer1 | F2: answer2 | G2: answer3 | H2: correct_index | I2: typ | K2: Anzahl von filename | L2: Spaltenbeschriftungen
A3: 10-clean-v0.png | B3: 1 | C3: 0 | D3: 2 | E3: {=IF(D3="",_xlfn._xlws.SORT(B3:C3,1,1,TRUE),_xlfn._xlws.SORT(B3:D3,1,1,TRUE))} -> 0 | F3: 1 | G3: 2 | H3: =IF(B3=E3,1,IF(B3=F3,2,3)) -> 2 | I3: number | J3: =LEFT(A3,LEN(A3)-4) -> 10-clean-v0 | K3: Zeilenbeschriftungen | L3: 1 | M3: 2 | N3: 3 | O3: Gesamtergebnis | V3: minImprovementPerRound:[0.05,0.1,0.3,0.5] | W3: quadraticFunctionSupport:[true,false] | X3: learn-logFunction:[true,false] | Y3: learn-accumulatedLogFunction:[true,false] | Z3: learn-asymFunction:[true,false] | AA3: learn-ratioFunction:[true,false] | AB3: learn-mirrowedFunction:[true,false] | AC3: numberOfRounds:[5,10,20,30]
A4: 10-clean-v1.png | B4: -1 | C4: 0 | D4: 5 | E4: {=IF(D4="",_xlfn._xlws.SORT(B4:C4,1,1,TRUE),_xlfn._xlws.SORT(B4:D4,1,1,TRUE))} -> -1 | F4: 0 | G4: 5 | H4: =IF(B4=E4,1,IF(B4=F4,2,3)) -> 1 | I4: number | J4: =LEFT(A4,LEN(A4)-4) -> 10-clean-v1 | K4: bool | L4: 20 | M4: 22 | O4: 42
A5: 10-clean-v2.png | B5: 7 | C5: 6 | D5: 4 | E5: {=IF(D5="",_xlfn._xlws.SORT(B5:C5,1,1,TRUE),_xlfn._xlws.SORT(B5:D5,1,1,TRUE))} -> 4 | F5: 6 | G5: 7 | H5: =IF(B5=E5,1,IF(B5=F5,2,3)) -> 3 | I5: number | J5: =LEFT(A5,LEN(A5)-4) -> 10-clean-v2 | K5: number | L5: 34 | M5: 34 | N5: 34 | O5: 102 | V5: minImprovementPerRound | W5: [0.05 | X5: 0.1 | Y5: 0.3 | Z5: 0.5] | AB5: 4
A6: 10-obf-v0.png | B6: 1 | C6: 0 | D6: 2 | E6: {=IF(D6="",_xlfn._xlws.SORT(B6:C6,1,1,TRUE),_xlfn._xlws.SORT(B6:D6,1,1,TRUE))} -> 0 | F6: 1 | G6: 2 | H6: =IF(B6=E6,1,IF(B6=F6,2,3)) -> 2 | I6: number | J6: =LEFT(A6,LEN(A6)-4) -> 10-obf-v0 | K6: Gesamtergebnis | L6: 54 | M6: 56 | N6: 34 | O6: 144 | V6: quadraticFunctionSupport | W6: [true | X6: false] | AB6: 2
A7: 10-obf-v1.png | B7: -1 | C7: 0 | D7: 5 | E7: {=IF(D7="",_xlfn._xlws.SORT(B7:C7,1,1,TRUE),_xlfn._xlws.SORT(B7:D7,1,1,TRUE))} -> -1 | F7: 0 | G7: 5 | H7: =IF(B7=E7,1,IF(B7=F7,2,3)) -> 1 | I7: number | J7: =LEFT(A7,LEN(A7)-4) -> 10-obf-v1 | V7: learn-logFunction | W7: [true | X7: false] | AB7: 2
A8: 10-obf-v2.png | B8: 7 | C8: 6 | D8: 4 | E8: {=IF(D8="",_xlfn._xlws.SORT(B8:C8,1,1,TRUE),_xlfn._xlws.SORT(B8:D8,1,1,TRUE))} -> 4 | F8: 6 | G8: 7 | H8: =IF(B8=E8,1,IF(B8=F8,2,3)) -> 3 | I8: number | J8: =LEFT(A8,LEN(A8)-4) -> 10-obf-v2 | V8: learn-accumulatedLogFunction | W8: [true | X8: false] | AB8: 2
A9: 11-clean-v0.png | B9: true | C9: false | D9: EMPTY | E9: {=IF(D9="EMPTY",_xlfn._xlws.SORT(B9:C9,1,1,TRUE),_xlfn._xlws.SORT(B9:D9,1,1,TRUE))} -> false | F9: true | G9: EMPTY | H9: =IF(B9=E9,1,IF(B9=F9,2,3)) -> 2 | I9: bool | J9: =LEFT(A9,LEN(A9)-4) -> 11-clean-v0 | L9: =GETPIVOTDATA("filename",$K$2,"correct_index",1,"typ","bool")/GETPIVOTDATA("filename",$K$2,"typ","bool") -> 0.47619048 | M9: =GETPIVOTDATA("filename",$K$2,"correct_index",2,"typ","bool")/GETPIVOTDATA("filename",$K$2,"typ","bool") -> 0.52380952 | V9: learn-asymFunction | W9: [true | X9: false] | AB9: 2
A10: 11-clean-v1.png | B10: false | C10: true | D10: EMPTY | E10: {=IF(D10="EMPTY",_xlfn._xlws.SORT(B10:C10,1,1,TRUE),_xlfn._xlws.SORT(B10:D10,1,1,TRUE))} -> false | F10: true | G10: EMPTY | H10: =IF(B10=E10,1,IF(B10=F10,2,3)) -> 1 | I10: bool | J10: =LEFT(A10,LEN(A10)-4) -> 11-clean-v1 | L10: =GETPIVOTDATA("filename",$K$2,"correct_index",1,"typ","number")/GETPIVOTDATA("filename",$K$2,"typ","number") -> 0.33333333 | M10: =GETPIVOTDATA("filename",$K$2,"correct_index",2,"typ","number")/GETPIVOTDATA("filename",$K$2,"typ","number") -> 0.33333333 | N10: =GETPIVOTDATA("filename",$K$2,"correct_index",3,"typ","number")/GETPIVOTDATA("filename",$K$2,"typ","number") -> 0.33333333 | V10: learn-ratioFunction | W10: [true | X10: false] | AB10: 2
A11: 11-clean-v2.png | B11: false | C11: true | D11: EMPTY | E11: {=IF(D11="EMPTY",_xlfn._xlws.SORT(B11:C11,1,1,TRUE),_xlfn._xlws.SORT(B11:D11,1,1,TRUE))} -> false | F11: true | G11: EMPTY | H11: =IF(B11=E11,1,IF(B11=F11,2,3)) -> 1 | I11: bool | J11: =LEFT(A11,LEN(A11)-4) -> 11-clean-v2 | V11: learn-mirrowedFunction | W11: [true | X11: false] | AB11: 2
A12: 11-obf-v0.png | B12: true | C12: false | D12: EMPTY | E12: {=IF(D12="EMPTY",_xlfn._xlws.SORT(B12:C12,1,1,TRUE),_xlfn._xlws.SORT(B12:D12,1,1,TRUE))} -> false | F12: true | G12: EMPTY | H12: =IF(B12=E12,1,IF(B12=F12,2,3)) -> 2 | I12: bool | J12: =LEFT(A12,LEN(A12)-4) -> 11-obf-v0 | V12: numberOfRounds | W12: [5 | X12: 10 | Y12: 20 | Z12: 30] | AB12: 4
A13: 11-obf-v1.png | B13: false | C13: true | D13: EMPTY | E13: {=IF(D13="EMPTY",_xlfn._xlws.SORT(B13:C13,1,1,TRUE),_xlfn._xlws.SORT(B13:D13,1,1,TRUE))} -> false | F13: true | G13: EMPTY | H13: =IF(B13=E13,1,IF(B13=F13,2,3)) -> 1 | I13: bool | J13: =LEFT(A13,LEN(A13)-4) -> 11-obf-v1 | AB13: 5
A14: 11-obf-v2.png | B14: false | C14: true | D14: EMPTY | E14: {=IF(D14="EMPTY",_xlfn._xlws.SORT(B14:C14,1,1,TRUE),_xlfn._xlws.SORT(B14:D14,1,1,TRUE))} -> false | F14: true | G14: EMPTY | H14: =IF(B14=E14,1,IF(B14=F14,2,3)) -> 1 | I14: bool | J14: =LEFT(A14,LEN(A14)-4) -> 11-obf-v2 | AB14: =PRODUCT(AB5:AB13) -> 5120
A15: 12-clean-v0.png | B15: 7 | C15: 6 | D15: 5 | E15: {=IF(D15="",_xlfn._xlws.SORT(B15:C15,1,1,TRUE),_xlfn._xlws.SORT(B15:D15,1,1,TRUE))} -> 5 | F15: 6 | G15: 7 | H15: =IF(B15=E15,1,IF(B15=F15,2,3)) -> 3 | I15: number | J15: =LEFT(A15,LEN(A15)-4) -> 12-clean-v0
A16: 12-clean-v1.png | B16: 0 | C16: 1 | D16: -1 | E16: {=IF(D16="",_xlfn._xlws.SORT(B16:C16,1,1,TRUE),_xlfn._xlws.SORT(B16:D16,1,1,TRUE))} -> -1 | F16: 0 | G16: 1 | H16: =IF(B16=E16,1,IF(B16=F16,2,3)) -> 2 | I16: number | J16: =LEFT(A16,LEN(A16)-4) -> 12-clean-v1
A17: 12-clean-v2.png | B17: 4 | C17: 3 | D17: 2 | E17: {=IF(D17="",_xlfn._xlws.SORT(B17:C17,1,1,TRUE),_xlfn._xlws.SORT(B17:D17,1,1,TRUE))} -> 2 | F17: 3 | G17: 4 | H17: =IF(B17=E17,1,IF(B17=F17,2,3)) -> 3 | I17: number | J17: =LEFT(A17,LEN(A17)-4) -> 12-clean-v2 | AB17: 4725
A18: 12-obf-v0.png | B18: 7 | C18: 6 | D18: 5 | E18: {=IF(D18="",_xlfn._xlws.SORT(B18:C18,1,1,TRUE),_xlfn._xlws.SORT(B18:D18,1,1,TRUE))} -> 5 | F18: 6 | G18: 7 | H18: =IF(B18=E18,1,IF(B18=F18,2,3)) -> 3 | I18: number | J18: =LEFT(A18,LEN(A18)-4) -> 12-obf-v0 | AB18: =45+15/24 -> 45.625
A19: 12-obf-v1.png | B19: 0 | C19: 1 | D19: -1 | E19: {=IF(D19="",_xlfn._xlws.SORT(B19:C19,1,1,TRUE),_xlfn._xlws.SORT(B19:D19,1,1,TRUE))} -> -1 | F19: 0 | G19: 1 | H19: =IF(B19=E19,1,IF(B19=F19,2,3)) -> 2 | I19: number | J19: =LEFT(A19,LEN(A19)-4) -> 12-obf-v1 | AB19: =AB17/AB18 -> 103.56164
A20: 12-obf-v2.png | B20: 4 | C20: 3 | D20: 2 | E20: {=IF(D20="",_xlfn._xlws.SORT(B20:C20,1,1,TRUE),_xlfn._xlws.SORT(B20:D20,1,1,TRUE))} -> 2 | F20: 3 | G20: 4 | H20: =IF(B20=E20,1,IF(B20=F20,2,3)) -> 3 | I20: number | J20: =LEFT(A20,LEN(A20)-4) -> 12-obf-v2
A21: 13-clean-v0.png | B21: 5 | C21: 6 | D21: 3 | E21: {=IF(D21="",_xlfn._xlws.SORT(B21:C21,1,1,TRUE),_xlfn._xlws.SORT(B21:D21,1,1,TRUE))} -> 3 | F21: 5 | G21: 6 | H21: =IF(B21=E21,1,IF(B21=F21,2,3)) -> 2 | I21: number | J21: =LEFT(A21,LEN(A21)-4) -> 13-clean-v0
A22: 13-clean-v1.png | B22: 11 | C22: 4 | D22: 7 | E22: {=IF(D22="",_xlfn._xlws.SORT(B22:C22,1,1,TRUE),_xlfn._xlws.SORT(B22:D22,1,1,TRUE))} -> 4 | F22: 7 | G22: 11 | H22: =IF(B22=E22,1,IF(B22=F22,2,3)) -> 3 | I22: number | J22: =LEFT(A22,LEN(A22)-4) -> 13-clean-v1
A23: 13-clean-v2.png | B23: 5 | C23: 6 | D23: 8 | E23: {=IF(D23="",_xlfn._xlws.SORT(B23:C23,1,1,TRUE),_xlfn._xlws.SORT(B23:D23,1,1,TRUE))} -> 5 | F23: 6 | G23: 8 | H23: =IF(B23=E23,1,IF(B23=F23,2,3)) -> 1 | I23: number | J23: =LEFT(A23,LEN(A23)-4) -> 13-clean-v2 | AB23: =AB14/AB19 -> 49.439153
A24: 13-obf-v0.png | B24: 5 | C24: 6 | D24: 3 | E24: {=IF(D24="",_xlfn._xlws.SORT(B24:C24,1,1,TRUE),_xlfn._xlws.SORT(B24:D24,1,1,TRUE))} -> 3 | F24: 5 | G24: 6 | H24: =IF(B24=E24,1,IF(B24=F24,2,3)) -> 2 | I24: number | J24: =LEFT(A24,LEN(A24)-4) -> 13-obf-v0 | AB24: =AB23-AB18 -> 3.8141534
A25: 13-obf-v1.png | B25: 11 | C25: 4 | D25: 7 | E25: {=IF(D25="",_xlfn._xlws.SORT(B25:C25,1,1,TRUE),_xlfn._xlws.SORT(B25:D25,1,1,TRUE))} -> 4 | F25: 7 | G25: 11 | H25: =IF(B25=E25,1,IF(B25=F25,2,3)) -> 3 | I25: number | J25: =LEFT(A25,LEN(A25)-4) -> 13-obf-v1
A26: 13-obf-v2.png | B26: 5 | C26: 6 | D26: 8 | E26: {=IF(D26="",_xlfn._xlws.SORT(B26:C26,1,1,TRUE),_xlfn._xlws.SORT(B26:D26,1,1,TRUE))} -> 5 | F26: 6 | G26: 8 | H26: =IF(B26=E26,1,IF(B26=F26,2,3)) -> 1 | I26: number | J26: =LEFT(A26,LEN(A26)-4) -> 13-obf-v2
A27: 14-clean-v0.png | B27: 4 | C27: 1 | D27: 2 | E27: {=IF(D27="",_xlfn._xlws.SORT(B27:C27,1,1,TRUE),_xlfn._xlws.SORT(B27:D27,1,1,TRUE))} -> 1 | F27: 2 | G27: 4 | H27: =IF(B27=E27,1,IF(B27=F27,2,3)) -> 3 | I27: number | J27: =LEFT(A27,LEN(A27)-4) -> 14-clean-v0
A28: 14-clean-v1.png | B28: 12 | C28: 3 | D28: 4 | E28: {=IF(D28="",_xlfn._xlws.SORT(B28:C28,1,1,TRUE),_xlfn._xlws.SORT(B28:D28,1,1,TRUE))} -> 3 | F28: 4 | G28: 12 | H28: =IF(B28=E28,1,IF(B28=F28,2,3)) -> 3 | I28: number | J28: =LEFT(A28,LEN(A28)-4) -> 14-clean-v1
A29: 14-clean-v2.png | B29: 27 | C29: 30 | D29: 9 | E29: {=IF(D29="",_xlfn._xlws.SORT(B29:C29,1,1,TRUE),_xlfn._xlws.SORT(B29:D29,1,1,TRUE))} -> 9 | F29: 27 | G29: 30 | H29: =IF(B29=E29,1,IF(B29=F29,2,3)) -> 2 | I29: number | J29: =LEFT(A29,LEN(A29)-4) -> 14-clean-v2
A30: 14-obf-v0.png | B30: 4 | C30: 1 | D30: 2 | E30: {=IF(D30="",_xlfn._xlws.SORT(B30:C30,1,1,TRUE),_xlfn._xlws.SORT(B30:D30,1,1,TRUE))} -> 1 | F30: 2 | G30: 4 | H30: =IF(B30=E30,1,IF(B30=F30,2,3)) -> 3 | I30: number | J30: =LEFT(A30,LEN(A30)-4) -> 14-obf-v0
A31: 14-obf-v1.png | B31: 12 | C31: 3 | D31: 4 | E31: {=IF(D31="",_xlfn._xlws.SORT(B31:C31,1,1,TRUE),_xlfn._xlws.SORT(B31:D31,1,1,TRUE))} -> 3 | F31: 4 | G31: 12 | H31: =IF(B31=E31,1,IF(B31=F31,2,3)) -> 3 | I31: number | J31: =LEFT(A31,LEN(A31)-4) -> 14-obf-v1
A32: 14-obf-v2.png | B32: 27 | C32: 30 | D32: 9 | E32: {=IF(D32="",_xlfn._xlws.SORT(B32:C32,1,1,TRUE),_xlfn._xlws.SORT(B32:D32,1,1,TRUE))} -> 9 | F32: 27 | G32: 30 | H32: =IF(B32=E32,1,IF(B32=F32,2,3)) -> 2 | I32: number | J32: =LEFT(A32,LEN(A32)-4) -> 14-obf-v2
A33: 15-clean-v0.png | B33: 9.0 | C33: 8.0 | D33: 4.5 | E33: 4.5 | F33: 8.0 | G33: 9.0 | H33: =IF(B33=E33,1,IF(B33=F33,2,3)) -> 3 | I33: number | J33: =LEFT(A33,LEN(A33)-4) -> 15-clean-v0
A34: 15-clean-v1.png | B34: 13.0 | C34: 12.0 | D34: 14.0 | E34: 12.0 | F34: 13.0 | G34: 14.0 | H34: =IF(B34=E34,1,IF(B34=F34,2,3)) -> 2 | I34: number | J34: =LEFT(A34,LEN(A34)-4) -> 15-clean-v1
A35: 15-clean-v2.png | B35: 62.0 | C35: 312.0 | D35: 63.0 | E35: 62.0 | F35: 63.0 | G35: 312.0 | H35: =IF(B35=E35,1,IF(B35=F35,2,3)) -> 1 | I35: number | J35: =LEFT(A35,LEN(A35)-4) -> 15-clean-v2
A36: 15-obf-v0.png | B36: 9.0 | C36: 8.0 | D36: 4.5 | E36: 4.5 | F36: 8.0 | G36: 9.0 | H36: =IF(B36=E36,1,IF(B36=F36,2,3)) -> 3 | I36: number | J36: =LEFT(A36,LEN(A36)-4) -> 15-obf-v0
A37: 15-obf-v1.png | B37: 13.0 | C37: 12.0 | D37: 14.0 | E37: 12.0 | F37: 13.0 | G37: 14.0 | H37: =IF(B37=E37,1,IF(B37=F37,2,3)) -> 2 | I37: number | J37: =LEFT(A37,LEN(A37)-4) -> 15-obf-v1
A38: 15-obf-v2.png | B38: 62.0 | C38: 312.0 | D38: 63.0 | E38: 62.0 | F38: 63.0 | G38: 312.0 | H38: =IF(B38=E38,1,IF(B38=F38,2,3)) -> 1 | I38: number | J38: =LEFT(A38,LEN(A38)-4) -> 15-obf-v2
A39: 16-clean-v0.png | B39: 7 | C39: 5 | D39: 3 | E39: {=IF(D39="",_xlfn._xlws.SORT(B39:C39,1,1,TRUE),_xlfn._xlws.SORT(B39:D39,1,1,TRUE))} -> 3 | F39: 5 | G39: 7 | H39: =IF(B39=E39,1,IF(B39=F39,2,3)) -> 3 | I39: number | J39: =LEFT(A39,LEN(A39)-4) -> 16-clean-v0
A40: 16-clean-v1.png | B40: 5 | C40: 4 | D40: 6 | E40: {=IF(D40="",_xlfn._xlws.SORT(B40:C40,1,1,TRUE),_xlfn._xlws.SORT(B40:D40,1,1,TRUE))} -> 4 | F40: 5 | G40: 6 | H40: =IF(B40=E40,1,IF(B40=F40,2,3)) -> 2 | I40: number | J40: =LEFT(A40,LEN(A40)-4) -> 16-clean-v1
A41: 16-clean-v2.png | B41: 6 | C41: 4 | D41: 13 | E41: {=IF(D41="",_xlfn._xlws.SORT(B41:C41,1,1,TRUE),_xlfn._xlws.SORT(B41:D41,1,1,TRUE))} -> 4 | F41: 6 | G41: 13 | H41: =IF(B41=E41,1,IF(B41=F41,2,3)) -> 2 | I41: number | J41: =LEFT(A41,LEN(A41)-4) -> 16-clean-v2
A42: 16-obf-v0.png | B42: 7 | C42: 5 | D42: 3 | E42: {=IF(D42="",_xlfn._xlws.SORT(B42:C42,1,1,TRUE),_xlfn._xlws.SORT(B42:D42,1,1,TRUE))} -> 3 | F42: 5 | G42: 7 | H42: =IF(B42=E42,1,IF(B42=F42,2,3)) -> 3 | I42: number | J42: =LEFT(A42,LEN(A42)-4) -> 16-obf-v0
A43: 16-obf-v1.png | B43: 5 | C43: 4 | D43: 6 | E43: {=IF(D43="",_xlfn._xlws.SORT(B43:C43,1,1,TRUE),_xlfn._xlws.SORT(B43:D43,1,1,TRUE))} -> 4 | F43: 5 | G43: 6 | H43: =IF(B43=E43,1,IF(B43=F43,2,3)) -> 2 | I43: number | J43: =LEFT(A43,LEN(A43)-4) -> 16-obf-v1
A44: 16-obf-v2.png | B44: 6 | C44: 4 | D44: 13 | E44: {=IF(D44="",_xlfn._xlws.SORT(B44:C44,1,1,TRUE),_xlfn._xlws.SORT(B44:D44,1,1,TRUE))} -> 4 | F44: 6 | G44: 13 | H44: =IF(B44=E44,1,IF(B44=F44,2,3)) -> 2 | I44: number | J44: =LEFT(A44,LEN(A44)-4) -> 16-obf-v2
A45: 17-clean-v0.png | B45: 6 | C45: 10 | D45: 5 | E45: {=IF(D45="",_xlfn._xlws.SORT(B45:C45,1,1,TRUE),_xlfn._xlws.SORT(B45:D45,1,1,TRUE))} -> 5 | F45: 6 | G45: 10 | H45: =IF(B45=E45,1,IF(B45=F45,2,3)) -> 2 | I45: number | J45: =LEFT(A45,LEN(A45)-4) -> 17-clean-v0
A46: 17-clean-v1.png | B46: 1 | C46: 3 | D46: 4 | E46: {=IF(D46="",_xlfn._xlws.SORT(B46:C46,1,1,TRUE),_xlfn._xlws.SORT(B46:D46,1,1,TRUE))} -> 1 | F46: 3 | G46: 4 | H46: =IF(B46=E46,1,IF(B46=F46,2,3)) -> 1 | I46: number | J46: =LEFT(A46,LEN(A46)-4) -> 17-clean-v1
A47: 17-clean-v2.png | B47: 9 | C47: 8 | D47: 1 | E47: {=IF(D47="",_xlfn._xlws.SORT(B47:C47,1,1,TRUE),_xlfn._xlws.SORT(B47:D47,1,1,TRUE))} -> 1 | F47: 8 | G47: 9 | H47: =IF(B47=E47,1,IF(B47=F47,2,3)) -> 3 | I47: number | J47: =LEFT(A47,LEN(A47)-4) -> 17-clean-v2
A48: 17-obf-v0.png | B48: 6 | C48: 10 | D48: 5 | E48: {=IF(D48="",_xlfn._xlws.SORT(B48:C48,1,1,TRUE),_xlfn._xlws.SORT(B48:D48,1,1,TRUE))} -> 5 | F48: 6 | G48: 10 | H48: =IF(B48=E48,1,IF(B48=F48,2,3)) -> 2 | I48: number | J48: =LEFT(A48,LEN(A48)-4) -> 17-obf-v0
A49: 17-obf-v1.png | B49: 1 | C49: 3 | D49: 4 | E49: {=IF(D49="",_xlfn._xlws.SORT(B49:C49,1,1,TRUE),_xlfn._xlws.SORT(B49:D49,1,1,TRUE))} -> 1 | F49: 3 | G49: 4 | H49: =IF(B49=E49,1,IF(B49=F49,2,3)) -> 1 | I49: number | J49: =LEFT(A49,LEN(A49)-4) -> 17-obf-v1
A50: 17-obf-v2.png | B50: 9 | C50: 8 | D50: 1 | E50: {=IF(D50="",_xlfn._xlws.SORT(B50:C50,1,1,TRUE),_xlfn._xlws.SORT(B50:D50,1,1,TRUE))} -> 1 | F50: 8 | G50: 9 | H50: =IF(B50=E50,1,IF(B50=F50,2,3)) -> 3 | I50: number | J50: =LEFT(A50,LEN(A50)-4) -> 17-obf-v2
... A56: 18-obf-v2.png | B56: 6 | C56: 4 | D56: 5 | E56: {=IF(D56="",_xlfn._xlws.SORT(B56:C56,1,1,TRUE),_xlfn._xlws.SORT(B56:D56,1,1,TRUE))} -> 4 | F56: 5 | G56: 6 | H56: =IF(B56=E56,1,IF(B56=F56,2,3)) -> 3 | I56: number | J56: =LEFT(A56,LEN(A56)-4) -> 18-obf-v2
A57: 30-clean-v0.png | B57: true | C57: false | D57: EMPTY | E57: {=IF(D57="EMPTY",_xlfn._xlws.SORT(B57:C57,1,1,TRUE),_xlfn._xlws.SORT(B57:D57,1,1,TRUE))} -> false | F57: true | G57: EMPTY | H57: =IF(B57=E57,1,IF(B57=F57,2,3)) -> 2 | I57: bool | J57: =LEFT(A57,LEN(A57)-4) -> 30-clean-v0
A58: 30-clean-v1.png | B58: true | C58: false | D58: EMPTY | E58: {=IF(D58="EMPTY",_xlfn._xlws.SORT(B58:C58,1,1,TRUE),_xlfn._xlws.SORT(B58:D58,1,1,TRUE))} -> false | F58: true | G58: EMPTY | H58: =IF(B58=E58,1,IF(B58=F58,2,3)) -> 2 | I58: bool | J58: =LEFT(A58,LEN(A58)-4) -> 30-clean-v1
A59: 30-clean-v2.png | B59: false | C59: true | D59: EMPTY | E59: {=IF(D59="EMPTY",_xlfn._xlws.SORT(B59:C59,1,1,TRUE),_xlfn._xlws.SORT(B59:D59,1,1,TRUE))} -> false | F59: true | G59: EMPTY | H59: =IF(B59=E59,1,IF(B59=F59,2,3)) -> 1 | I59: bool | J59: =LEFT(A59,LEN(A59)-4) -> 30-clean-v2
A60: 30-obf-v0.png | B60: true | C60: false | D60: EMPTY | E60: {=IF(D60="EMPTY",_xlfn._xlws.SORT(B60:C60,1,1,TRUE),_xlfn._xlws.SORT(B60:D60,1,1,TRUE))} -> false | F60: true | G60: EMPTY | H60: =IF(B60=E60,1,IF(B60=F60,2,3)) -> 2 | I60: bool | J60: =LEFT(A60,LEN(A60)-4) -> 30-obf-v0
A61: 30-obf-v1.png | B61: true | C61: false | D61: EMPTY | E61: {=IF(D61="EMPTY",_xlfn._xlws.SORT(B61:C61,1,1,TRUE),_xlfn._xlws.SORT(B61:D61,1,1,TRUE))} -> false | F61: true | G61: EMPTY | H61: =IF(B61=E61,1,IF(B61=F61,2,3)) -> 2 | I61: bool | J61: =LEFT(A61,LEN(A61)-4) -> 30-obf-v1
A62: 30-obf-v2.png | B62: false | C62: true | D62: EMPTY | E62: {=IF(D62="EMPTY",_xlfn._xlws.SORT(B62:C62,1,1,TRUE),_xlfn._xlws.SORT(B62:D62,1,1,TRUE))} -> false | F62: true | G62: EMPTY | H62: =IF(B62=E62,1,IF(B62=F62,2,3)) -> 1 | I62: bool | J62: =LEFT(A62,LEN(A62)-4) -> 30-obf-v2
A63: 49-clean-v0.png | B63: 2 | C63: 1 | D63: 3 | E63: {=IF(D63="",_xlfn._xlws.SORT(B63:C63,1,1,TRUE),_xlfn._xlws.SORT(B63:D63,1,1,TRUE))} -> 1 | F63: 2 | G63: 3 | H63: =IF(B63=E63,1,IF(B63=F63,2,3)) -> 2 | I63: number | J63: =LEFT(A63,LEN(A63)-4) -> 49-clean-v0
A64: 49-clean-v1.png | B64: 22 | C64: 10 | D64: 40 | E64: {=IF(D64="",_xlfn._xlws.SORT(B64:C64,1,1,TRUE),_xlfn._xlws.SORT(B64:D64,1,1,TRUE))} -> 10 | F64: 22 | G64: 40 | H64: =IF(B64=E64,1,IF(B64=F64,2,3)) -> 2 | I64: number | J64: =LEFT(A64,LEN(A64)-4) -> 49-clean-v1
A65: 49-clean-v2.png | B65: 42 | C65: 21 | D65: 80 | E65: {=IF(D65="",_xlfn._xlws.SORT(B65:C65,1,1,TRUE),_xlfn._xlws.SORT(B65:D65,1,1,TRUE))} -> 21 | F65: 42 | G65: 80 | H65: =IF(B65=E65,1,IF(B65=F65,2,3)) -> 2 | I65: number | J65: =LEFT(A65,LEN(A65)-4) -> 49-clean-v2
A66: 49-obf-v0.png | B66: 2 | C66: 1 | D66: 3 | E66: {=IF(D66="",_xlfn._xlws.SORT(B66:C66,1,1,TRUE),_xlfn._xlws.SORT(B66:D66,1,1,TRUE))} -> 1 | F66: 2 | G66: 3 | H66: =IF(B66=E66,1,IF(B66=F66,2,3)) -> 2 | I66: number | J66: =LEFT(A66,LEN(A66)-4) -> 49-obf-v0
A67: 49-obf-v1.png | B67: 22 | C67: 10 | D67: 40 | E67: {=IF(D67="",_xlfn._xlws.SORT(B67:C67,1,1,TRUE),_xlfn._xlws.SORT(B67:D67,1,1,TRUE))} -> 10 | F67: 22 | G67: 40 | H67: =IF(B67=E67,1,IF(B67=F67,2,3)) -> 2 | I67: number | J67: =LEFT(A67,LEN(A67)-4) -> 49-obf-v1
A68: 49-obf-v2.png | B68: 42 | C68: 21 | D68: 80 | E68: {=IF(D68="",_xlfn._xlws.SORT(B68:C68,1,1,TRUE),_xlfn._xlws.SORT(B68:D68,1,1,TRUE))} -> 21 | F68: 42 | G68: 80 | H68: =IF(B68=E68,1,IF(B68=F68,2,3)) -> 2 | I68: number | J68: =LEFT(A68,LEN(A68)-4) -> 49-obf-v2
A69: 4-clean-v0.png | B69: 0 | C69: -1 | D69: -2 | E69: {=IF(D69="",_xlfn._xlws.SORT(B69:C69,1,1,TRUE),_xlfn._xlws.SORT(B69:D69,1,1,TRUE))} -> -2 | F69: -1 | G69: 0 | H69: =IF(B69=E69,1,IF(B69=F69,2,3)) -> 3 | I69: number | J69: =LEFT(A69,LEN(A69)-4) -> 4-clean-v0
A70: 4-clean-v1.png | B70: 6 | C70: 4 | D70: 3 | E70: {=IF(D70="",_xlfn._xlws.SORT(B70:C70,1,1,TRUE),_xlfn._xlws.SORT(B70:D70,1,1,TRUE))} -> 3 | F70: 4 | G70: 6 | H70: =IF(B70=E70,1,IF(B70=F70,2,3)) -> 3 | I70: number | J70: =LEFT(A70,LEN(A70)-4) -> 4-clean-v1
A71: 4-clean-v2.png | B71: 7 | C71: 16 | D71: 8 | E71: {=IF(D71="",_xlfn._xlws.SORT(B71:C71,1,1,TRUE),_xlfn._xlws.SORT(B71:D71,1,1,TRUE))} -> 7 | F71: 8 | G71: 16 | H71: =IF(B71=E71,1,IF(B71=F71,2,3)) -> 1 | I71: number | J71: =LEFT(A71,LEN(A71)-4) -> 4-clean-v2
A72: 4-obf-v0.png | B72: 0 | C72: -1 | D72: -2 | E72: {=IF(D72="",_xlfn._xlws.SORT(B72:C72,1,1,TRUE),_xlfn._xlws.SORT(B72:D72,1,1,TRUE))} -> -2 | F72: -1 | G72: 0 | H72: =IF(B72=E72,1,IF(B72=F72,2,3)) -> 3 | I72: number | J72: =LEFT(A72,LEN(A72)-4) -> 4-obf-v0
A73: 4-obf-v1.png | B73: 6 | C73: 4 | D73: 3 | E73: {=IF(D73="",_xlfn._xlws.SORT(B73:C73,1,1,TRUE),_xlfn._xlws.SORT(B73:D73,1,1,TRUE))} -> 3 | F73: 4 | G73: 6 | H73: =IF(B73=E73,1,IF(B73=F73,2,3)) -> 3 | I73: number | J73: =LEFT(A73,LEN(A73)-4) -> 4-obf-v1
A74: 4-obf-v2.png | B74: 7 | C74: 16 | D74: 8 | E74: {=IF(D74="",_xlfn._xlws.SORT(B74:C74,1,1,TRUE),_xlfn._xlws.SORT(B74:D74,1,1,TRUE))} -> 7 | F74: 8 | G74: 16 | H74: =IF(B74=E74,1,IF(B74=F74,2,3)) -> 1 | I74: number | J74: =LEFT(A74,LEN(A74)-4) -> 4-obf-v2
... A86: 57-obf-v2.png | B86: 21 | C86: 20 | D86: 22 | E86: {=IF(D86="",_xlfn._xlws.SORT(B86:C86,1,1,TRUE),_xlfn._xlws.SORT(B86:D86,1,1,TRUE))} -> 20 | F86: 21 | G86: 22 | H86: =IF(B86=E86,1,IF(B86=F86,2,3)) -> 2 | I86: number | J86: =LEFT(A86,LEN(A86)-4) -> 57-obf-v2
A87: 5-clean-v0.png | B87: true | C87: false | D87: EMPTY | E87: {=IF(D87="EMPTY",_xlfn._xlws.SORT(B87:C87,1,1,TRUE),_xlfn._xlws.SORT(B87:D87,1,1,TRUE))} -> false | F87: true | G87: EMPTY | H87: =IF(B87=E87,1,IF(B87=F87,2,3)) -> 2 | I87: bool | J87: =LEFT(A87,LEN(A87)-4) -> 5-clean-v0
A88: 5-clean-v1.png | B88: true | C88: false | D88: EMPTY | E88: {=IF(D88="EMPTY",_xlfn._xlws.SORT(B88:C88,1,1,TRUE),_xlfn._xlws.SORT(B88:D88,1,1,TRUE))} -> false | F88: true | G88: EMPTY | H88: =IF(B88=E88,1,IF(B88=F88,2,3)) -> 2 | I88: bool | J88: =LEFT(A88,LEN(A88)-4) -> 5-clean-v1
A89: 5-clean-v2.png | B89: false | C89: true | D89: EMPTY | E89: {=IF(D89="EMPTY",_xlfn._xlws.SORT(B89:C89,1,1,TRUE),_xlfn._xlws.SORT(B89:D89,1,1,TRUE))} -> false | F89: true | G89: EMPTY | H89: =IF(B89=E89,1,IF(B89=F89,2,3)) -> 1 | I89: bool | J89: =LEFT(A89,LEN(A89)-4) -> 5-clean-v2
A90: 5-obf-v0.png | B90: true | C90: false | D90: EMPTY | E90: {=IF(D90="EMPTY",_xlfn._xlws.SORT(B90:C90,1,1,TRUE),_xlfn._xlws.SORT(B90:D90,1,1,TRUE))} -> false | F90: true | G90: EMPTY | H90: =IF(B90=E90,1,IF(B90=F90,2,3)) -> 2 | I90: bool | J90: =LEFT(A90,LEN(A90)-4) -> 5-obf-v0
A91: 5-obf-v1.png | B91: true | C91: false | D91: EMPTY | E91: {=IF(D91="EMPTY",_xlfn._xlws.SORT(B91:C91,1,1,TRUE),_xlfn._xlws.SORT(B91:D91,1,1,TRUE))} -> false | F91: true | G91: EMPTY | H91: =IF(B91=E91,1,IF(B91=F91,2,3)) -> 2 | I91: bool | J91: =LEFT(A91,LEN(A91)-4) -> 5-obf-v1
A92: 5-obf-v2.png | B92: false | C92: true | D92: EMPTY | E92: {=IF(D92="EMPTY",_xlfn._xlws.SORT(B92:C92,1,1,TRUE),_xlfn._xlws.SORT(B92:D92,1,1,TRUE))} -> false | F92: true | G92: EMPTY | H92: =IF(B92=E92,1,IF(B92=F92,2,3)) -> 1 | I92: bool | J92: =LEFT(A92,LEN(A92)-4) -> 5-obf-v2
A93: 60-clean-v0.png | B93: 32 | C93: 256 | D93: 288 | E93: {=IF(D93="",_xlfn._xlws.SORT(B93:C93,1,1,TRUE),_xlfn._xlws.SORT(B93:D93,1,1,TRUE))} -> 32 | F93: 256 | G93: 288 | H93: =IF(B93=E93,1,IF(B93=F93,2,3)) -> 1 | I93: number | J93: =LEFT(A93,LEN(A93)-4) -> 60-clean-v0
A94: 60-clean-v1.png | B94: 0 | C94: 2 | D94: 512 | E94: {=IF(D94="",_xlfn._xlws.SORT(B94:C94,1,1,TRUE),_xlfn._xlws.SORT(B94:D94,1,1,TRUE))} -> 0 | F94: 2 | G94: 512 | H94: =IF(B94=E94,1,IF(B94=F94,2,3)) -> 1 | I94: number | J94: =LEFT(A94,LEN(A94)-4) -> 60-clean-v1
A95: 60-clean-v2.png | B95: 40 | C95: 255 | D95: 296 | E95: {=IF(D95="",_xlfn._xlws.SORT(B95:C95,1,1,TRUE),_xlfn._xlws.SORT(B95:D95,1,1,TRUE))} -> 40 | F95: 255 | G95: 296 | H95: =IF(B95=E95,1,IF(B95=F95,2,3)) -> 1 | I95: number | J95: =LEFT(A95,LEN(A95)-4) -> 60-clean-v2
A96: 60-obf-v0.png | B96: 32 | C96: 256 | D96: 288 | E96: {=IF(D96="",_xlfn._xlws.SORT(B96:C96,1,1,TRUE),_xlfn._xlws.SORT(B96:D96,1,1,TRUE))} -> 32 | F96: 256 | G96: 288 | H96: =IF(B96=E96,1,IF(B96=F96,2,3)) -> 1 | I96: number | J96: =LEFT(A96,LEN(A96)-4) -> 60-obf-v0
A97: 60-obf-v1.png | B97: 0 | C97: 2 | D97: 512 | E97: {=IF(D97="",_xlfn._xlws.SORT(B97:C97,1,1,TRUE),_xlfn._xlws.SORT(B97:D97,1,1,TRUE))} -> 0 | F97: 2 | G97: 512 | H97: =IF(B97=E97,1,IF(B97=F97,2,3)) -> 1 | I97: number | J97: =LEFT(A97,LEN(A97)-4) -> 60-obf-v1
A98: 60-obf-v2.png | B98: 40 | C98: 255 | D98: 296 | E98: {=IF(D98="",_xlfn._xlws.SORT(B98:C98,1,1,TRUE),_xlfn._xlws.SORT(B98:D98,1,1,TRUE))} -> 40 | F98: 255 | G98: 296 | H98: =IF(B98=E98,1,IF(B98=F98,2,3)) -> 1 | I98: number | J98: =LEFT(A98,LEN(A98)-4) -> 60-obf-v2
A99: 61-clean-v0.png | B99: 4 | C99: 2 | D99: 0 | E99: {=IF(D99="",_xlfn._xlws.SORT(B99:C99,1,1,TRUE),_xlfn._xlws.SORT(B99:D99,1,1,TRUE))} -> 0 | F99: 2 | G99: 4 | H99: =IF(B99=E99,1,IF(B99=F99,2,3)) -> 3 | I99: number | J99: =LEFT(A99,LEN(A99)-4) -> 61-clean-v0
A100: 61-clean-v1.png | B100: 256 | C100: 128 | D100: 42 | E100: {=IF(D100="",_xlfn._xlws.SORT(B100:C100,1,1,TRUE),_xlfn._xlws.SORT(B100:D100,1,1,TRUE))} -> 42 | F100: 128 | G100: 256 | H100: =IF(B100=E100,1,IF(B100=F100,2,3)) -> 3 | I100: number | J100: =LEFT(A100,LEN(A100)-4) -> 61-clean-v1
A101: 61-clean-v2.png | B101: 66 | C101: 6 | D101: 60 | E101: {=IF(D101="",_xlfn._xlws.SORT(B101:C101,1,1,TRUE),_xlfn._xlws.SORT(B101:D101,1,1,TRUE))} -> 6 | F101: 60 | G101: 66 | H101: =IF(B101=E101,1,IF(B101=F101,2,3)) -> 3 | I101: number | J101: =LEFT(A101,LEN(A101)-4) -> 61-clean-v2
A102: 61-obf-v0.png | B102: 4 | C102: 2 | D102: 0 | E102: {=IF(D102="",_xlfn._xlws.SORT(B102:C102,1,1,TRUE),_xlfn._xlws.SORT(B102:D102,1,1,TRUE))} -> 0 | F102: 2 | G102: 4 | H102: =IF(B102=E102,1,IF(B102=F102,2,3)) -> 3 | I102: number | J102: =LEFT(A102,LEN(A102)-4) -> 61-obf-v0
A103: 61-obf-v1.png | B103: 256 | C103: 128 | D103: 42 | E103: {=IF(D103="",_xlfn._xlws.SORT(B103:C103,1,1,TRUE),_xlfn._xlws.SORT(B103:D103,1,1,TRUE))} -> 42 | F103: 128 | G103: 256 | H103: =IF(B103=E103,1,IF(B103=F103,2,3)) -> 3 | I103: number | J103: =LEFT(A103,LEN(A103)-4) -> 61-obf-v1
A104: 61-obf-v2.png | B104: 66 | C104: 6 | D104: 60 | E104: {=IF(D104="",_xlfn._xlws.SORT(B104:C104,1,1,TRUE),_xlfn._xlws.SORT(B104:D104,1,1,TRUE))} -> 6 | F104: 60 | G104: 66 | H104: =IF(B104=E104,1,IF(B104=F104,2,3)) -> 3 | I104: number | J104: =LEFT(A104,LEN(A104)-4) -> 61-obf-v2
... A116: 63-obf-v2.png | B116: 80 | C116: 50 | D116: 40 | E116: {=IF(D116="",_xlfn._xlws.SORT(B116:C116,1,1,TRUE),_xlfn._xlws.SORT(B116:D116,1,1,TRUE))} -> 40 | F116: 50 | G116: 80 | H116: =IF(B116=E116,1,IF(B116=F116,2,3)) -> 3 | I116: number | J116: =LEFT(A116,LEN(A116)-4) -> 63-obf-v2
A117: 6-clean-v0.png | B117: true | C117: false | D117: EMPTY | E117: {=IF(D117="EMPTY",_xlfn._xlws.SORT(B117:C117,1,1,TRUE),_xlfn._xlws.SORT(B117:D117,1,1,TRUE))} -> false | F117: true | G117: EMPTY | H117: =IF(B117=E117,1,IF(B117=F117,2,3)) -> 2 | I117: bool | J117: =LEFT(A117,LEN(A117)-4) -> 6-clean-v0
A118: 6-clean-v1.png | B118: true | C118: false | D118: EMPTY | E118: {=IF(D118="EMPTY",_xlfn._xlws.SORT(B118:C118,1,1,TRUE),_xlfn._xlws.SORT(B118:D118,1,1,TRUE))} -> false | F118: true | G118: EMPTY | H118: =IF(B118=E118,1,IF(B118=F118,2,3)) -> 2 | I118: bool | J118: =LEFT(A118,LEN(A118)-4) -> 6-clean-v1
A119: 6-clean-v2.png | B119: true | C119: false | D119: EMPTY | E119: {=IF(D119="EMPTY",_xlfn._xlws.SORT(B119:C119,1,1,TRUE),_xlfn._xlws.SORT(B119:D119,1,1,TRUE))} -> false | F119: true | G119: EMPTY | H119: =IF(B119=E119,1,IF(B119=F119,2,3)) -> 2 | I119: bool | J119: =LEFT(A119,LEN(A119)-4) -> 6-clean-v2
A120: 6-obf-v0.png | B120: true | C120: false | D120: EMPTY | E120: {=IF(D120="EMPTY",_xlfn._xlws.SORT(B120:C120,1,1,TRUE),_xlfn._xlws.SORT(B120:D120,1,1,TRUE))} -> false | F120: true | G120: EMPTY | H120: =IF(B120=E120,1,IF(B120=F120,2,3)) -> 2 | I120: bool | J120: =LEFT(A120,LEN(A120)-4) -> 6-obf-v0
A121: 6-obf-v1.png | B121: true | C121: false | D121: EMPTY | E121: {=IF(D121="EMPTY",_xlfn._xlws.SORT(B121:C121,1,1,TRUE),_xlfn._xlws.SORT(B121:D121,1,1,TRUE))} -> false | F121: true | G121: EMPTY | H121: =IF(B121=E121,1,IF(B121=F121,2,3)) -> 2 | I121: bool | J121: =LEFT(A121,LEN(A121)-4) -> 6-obf-v1
A122: 6-obf-v2.png | B122: true | C122: false | D122: EMPTY | E122: {=IF(D122="EMPTY",_xlfn._xlws.SORT(B122:C122,1,1,TRUE),_xlfn._xlws.SORT(B122:D122,1,1,TRUE))} -> false | F122: true | G122: EMPTY | H122: =IF(B122=E122,1,IF(B122=F122,2,3)) -> 2 | I122: bool | J122: =LEFT(A122,LEN(A122)-4) -> 6-obf-v2
A123: 7-clean-v0.png | B123: 5 | C123: 6 | D123: 7 | E123: {=IF(D123="",_xlfn._xlws.SORT(B123:C123,1,1,TRUE),_xlfn._xlws.SORT(B123:D123,1,1,TRUE))} -> 5 | F123: 6 | G123: 7 | H123: =IF(B123=E123,1,IF(B123=F123,2,3)) -> 1 | I123: number | J123: =LEFT(A123,LEN(A123)-4) -> 7-clean-v0
A124: 7-clean-v1.png | B124: 7 | C124: 8 | D124: 9 | E124: {=IF(D124="",_xlfn._xlws.SORT(B124:C124,1,1,TRUE),_xlfn._xlws.SORT(B124:D124,1,1,TRUE))} -> 7 | F124: 8 | G124: 9 | H124: =IF(B124=E124,1,IF(B124=F124,2,3)) -> 1 | I124: number | J124: =LEFT(A124,LEN(A124)-4) -> 7-clean-v1
A125: 7-clean-v2.png | B125: 8 | C125: 9 | D125: 17 | E125: {=IF(D125="",_xlfn._xlws.SORT(B125:C125,1,1,TRUE),_xlfn._xlws.SORT(B125:D125,1,1,TRUE))} -> 8 | F125: 9 | G125: 17 | H125: =IF(B125=E125,1,IF(B125=F125,2,3)) -> 1 | I125: number | J125: =LEFT(A125,LEN(A125)-4) -> 7-clean-v2
A126: 7-obf-v0.png | B126: 5 | C126: 6 | D126: 7 | E126: {=IF(D126="",_xlfn._xlws.SORT(B126:C126,1,1,TRUE),_xlfn._xlws.SORT(B126:D126,1,1,TRUE))} -> 5 | F126: 6 | G126: 7 | H126: =IF(B126=E126,1,IF(B126=F126,2,3)) -> 1 | I126: number | J126: =LEFT(A126,LEN(A126)-4) -> 7-obf-v0
A127: 7-obf-v1.png | B127: 7 | C127: 8 | D127: 9 | E127: {=IF(D127="",_xlfn._xlws.SORT(B127:C127,1,1,TRUE),_xlfn._xlws.SORT(B127:D127,1,1,TRUE))} -> 7 | F127: 8 | G127: 9 | H127: =IF(B127=E127,1,IF(B127=F127,2,3)) -> 1 | I127: number | J127: =LEFT(A127,LEN(A127)-4) -> 7-obf-v1
...
